sales,AdvertisingSpend,CompetitorPrice,prices,market,year,display_size,primary_camera,storage,battery
0.08,33.964211847437326,17.399089745359902,571.06,google-play,2013,5.0,13.0,64.0,2600.0
2.46,33.96421184743731,5.799696581786634,554.43,google-play,2013,5.0,13.0,64.0,2600.0
0.96,33.964211847437326,2.3198786327146763,538.28,google-play,2013,5.0,13.0,64.0,2600.0
1.21,47.13400827807628,430.3632818283985,522.6,google-play,2013,5.0,13.0,64.0,2600.0
1.07,51.29289136143595,389.8454355393028,507.38,google-play,2013,5.0,13.0,64.0,2600.0
1.37,66.94759444186292,407.6570442095334,492.6,google-play,2013,5.0,13.0,64.0,2600.0
1.56,71.10647752522259,373.5969459280304,478.26,google-play,2013,5.0,13.0,64.0,2600.0
1.22,78.44341443893022,368.85396598269296,464.33,google-play,2013,5.0,13.0,64.0,2600.0
1.62,81.14477565188163,392.2543113429363,450.8,google-play,2013,5.0,13.0,64.0,2600.0
1.38,85.70912384334946,337.0835649038862,437.67,google-play,2014,5.0,13.0,64.0,2600.0
1.05,85.70912384334946,350.63323927158217,424.92,google-play,2014,5.0,13.0,64.0,2600.0
0.71,82.93653512110964,314.582597320463,391.42,google-play,2014,5.0,13.0,64.0,2600.0
1.03,88.48171256558926,406.40235445319973,374.76,google-play,2014,5.0,13.0,64.0,2600.0
1.07,85.01597666278951,397.5706116331713,361.46,google-play,2014,5.0,13.0,64.0,2600.0
0.95,95.41318437118868,276.93073772810084,359.09,google-play,2014,5.0,13.0,64.0,2600.0
0.95,91.254301287829,310.6282271145329,355.1,google-play,2014,5.0,13.0,64.0,2600.0
0.96,84.32282948222955,325.77423279675224,351.12,google-play,2014,5.0,13.0,64.0,2600.0
0.78,87.85979289431766,285.85457022100223,347.13,google-play,2014,5.0,13.0,64.0,2600.0
0.53,80.23517390815823,321.36875167240873,343.15,google-play,2014,5.0,13.0,64.0,2600.0
0.3,80.23517390815826,272.21428988684397,319.5,google-play,2014,5.0,13.0,64.0,2600.0
0.27,67.35305954997109,277.5700491129599,306.63,google-play,2014,5.0,13.0,64.0,2600.0
0.66,29.80532876407765,37.11805812343448,667.23,ios,2013,4.0,8.0,16.0,1570.0
1.56,29.80532876407765,28.99848290893317,647.8,ios,2013,4.0,8.0,16.0,1570.0
0.74,29.80532876407765,75.39605556322635,628.93,ios,2013,4.0,8.0,16.0,1570.0
1.99,29.80532876407765,513.2180171203131,610.61,ios,2013,4.0,8.0,16.0,1570.0
1.68,29.80532876407765,454.5215004103655,592.83,ios,2014,4.0,8.0,16.0,1570.0
0.52,29.80532876407765,464.64930736387,575.56,ios,2014,4.0,8.0,16.0,1570.0
0.53,29.80532876407765,425.2807008552657,555.64,ios,2014,4.0,8.0,16.0,1570.0
0.68,29.80532876407765,513.8794694301098,555.64,ios,2014,4.0,8.0,16.0,1570.0
1.08,29.80532876407765,501.91678719466734,559.12,ios,2014,4.0,8.0,16.0,1570.0
1.0,29.805328764077643,390.6835852500663,552.48,ios,2014,4.0,8.0,16.0,1570.0
1.01,29.80532876407765,435.9212185880021,568.09,ios,2014,4.0,8.0,16.0,1570.0
0.79,29.80532876407765,462.69049050709015,547.66,ios,2014,4.0,8.0,16.0,1570.0
0.65,55.45177444479563,419.8130599437699,507.89,ios,2014,4.0,8.0,16.0,1570.0
0.76,55.45177444479563,468.9038813381219,492.5,ios,2014,4.0,8.0,16.0,1570.0
0.44,55.45177444479563,408.3547396004421,482.79,ios,2014,4.0,8.0,16.0,1570.0
0.67,55.451774444795625,388.92620407356867,479.97,ios,2014,4.0,8.0,16.0,1570.0
1.12,29.80532876407765,37.11805812343448,508.68,ios,2013,4.0,8.0,16.0,1510.0
1.49,29.80532876407765,28.99848290893317,493.87,ios,2013,4.0,8.0,16.0,1510.0
0.74,29.80532876407765,75.3960555632263,479.48,ios,2013,4.0,8.0,16.0,1510.0
1.05,29.80532876407765,455.58996681792246,465.52,ios,2013,4.0,8.0,16.0,1510.0
1.77,29.80532876407765,394.2939615127396,451.96,ios,2014,4.0,8.0,16.0,1510.0
1.09,29.80532876407765,337.92864147176346,438.8,ios,2014,4.0,8.0,16.0,1510.0
0.51,29.80532876407765,356.0972925335475,445.78,ios,2014,4.0,8.0,16.0,1510.0
0.59,29.80532876407765,315.3861127456577,445.78,ios,2014,4.0,8.0,16.0,1510.0
0.95,29.80532876407765,407.1850893070532,440.28,ios,2014,4.0,8.0,16.0,1510.0
0.91,29.805328764077643,412.0200355724491,436.02,ios,2014,4.0,8.0,16.0,1510.0
0.85,29.80532876407765,314.58513299843355,455.67,ios,2014,4.0,8.0,16.0,1510.0
0.72,29.80532876407765,357.17293424016543,415.48,ios,2014,4.0,8.0,16.0,1510.0
0.1799999999999999,55.45177444479563,395.97990849857274,412.51,ios,2014,4.0,8.0,16.0,1510.0
0.0499999999999999,55.45177444479563,363.1936100727939,393.02,ios,2014,4.0,8.0,16.0,1510.0
0.05,55.45177444479563,381.75214398693487,381.1,ios,2014,4.0,8.0,16.0,1510.0
0.04,55.451774444795625,319.3780229735707,360.07,ios,2014,4.0,8.0,16.0,1510.0
1.33,89.86800692670916,47.55751197065047,575.0,google-play,2014,5.1,16.0,16.0,2800.0
1.1,86.4022710239094,47.55751197065041,519.0,google-play,2014,5.1,16.0,16.0,2800.0
1.4,96.7994787323086,33.63824017436252,507.06,google-play,2014,5.1,16.0,16.0,2800.0
1.68,92.64059564894887,492.2493686654389,496.57,google-play,2014,5.1,16.0,16.0,2800.0
0.87,85.70912384334945,462.7384833593101,491.17,google-play,2014,5.1,16.0,16.0,2800.0
0.51,89.24608725543756,403.43048604577285,461.01,google-play,2014,5.1,16.0,16.0,2800.0
1.27,81.62146826927813,349.76664027915837,459.4,google-play,2014,5.1,16.0,16.0,2800.0
1.12,81.62146826927815,373.86468103031046,436.08,google-play,2014,5.1,16.0,16.0,2800.0
1.05,68.73935391109099,321.65491843359945,416.71,google-play,2014,5.1,16.0,16.0,2800.0
0.38,10.39720770839918,103.23459915580219,328.04,google-play,2013,5.5,8.0,32.0,3100.0
0.38,30.4984759446376,103.23459915580219,526.21,google-play,2013,5.5,8.0,32.0,3100.0
0.9,30.498475944637597,5.799696581786634,511.73,google-play,2013,5.5,8.0,32.0,3100.0
2.34,34.657359027997266,279.42588999546075,497.25,google-play,2013,5.5,8.0,32.0,3100.0
0.27,34.65735902799726,458.4532328074637,482.76,google-play,2013,5.5,8.0,32.0,3100.0
0.93,34.657359027997266,402.02557105246376,468.7,google-play,2013,5.5,8.0,32.0,3100.0
0.62,47.82715545863622,438.39305460605016,455.05,google-play,2013,5.5,8.0,32.0,3100.0
0.42,51.986038541995896,368.0391941976486,441.8,google-play,2013,5.5,8.0,32.0,3100.0
0.43,67.64074162242287,372.2193048920072,428.93,google-play,2013,5.5,8.0,32.0,3100.0
0.32,71.79962470578253,362.7641449317415,416.44,google-play,2013,5.5,8.0,32.0,3100.0
0.35,79.13656161949017,339.66678745973786,404.31,google-play,2013,5.5,8.0,32.0,3100.0
0.15,81.83792283244158,391.0687668049256,392.53,google-play,2013,5.5,8.0,32.0,3100.0
0.1,86.4022710239094,391.69663680071324,381.1,google-play,2014,5.5,8.0,32.0,3100.0
0.12,86.4022710239094,332.2570292020148,370.0,google-play,2014,5.5,8.0,32.0,3100.0
0.11,83.62968230166959,277.6996188677268,360.21,google-play,2014,5.5,8.0,32.0,3100.0
0.11,89.17485974614921,297.62076477928906,345.55,google-play,2014,5.5,8.0,32.0,3100.0
0.07,85.70912384334946,258.6135918413812,356.12,google-play,2014,5.5,8.0,32.0,3100.0
0.02,96.10633155174864,352.74691925010967,331.71,google-play,2014,5.5,8.0,32.0,3100.0
0.02,91.94744846838894,342.5921467213555,318.89,google-play,2014,5.5,8.0,32.0,3100.0
0.3,67.64074162242287,5.799696581786634,583.73,google-play,2013,5.7,12.0,32.0,3200.0
0.55,71.79962470578253,52.197269236079705,566.73,google-play,2013,5.7,12.0,32.0,3200.0
1.03,79.13656161949017,93.9550846249436,550.22,google-play,2013,5.7,12.0,32.0,3200.0
1.05,81.83792283244158,451.8989422714475,534.19,google-play,2013,5.7,12.0,32.0,3200.0
0.43,86.4022710239094,486.52085783236953,518.64,google-play,2014,5.7,12.0,32.0,3200.0
0.66,86.4022710239094,414.7677722869909,503.53,google-play,2014,5.7,12.0,32.0,3200.0
0.73,83.62968230166959,417.5832921299412,501.79,google-play,2014,5.7,12.0,32.0,3200.0
0.45,89.17485974614921,406.8120293180634,476.57,google-play,2014,5.7,12.0,32.0,3200.0
0.31,85.70912384334946,382.4262764229027,477.78,google-play,2014,5.7,12.0,32.0,3200.0
0.36,96.10633155174864,441.5378477356917,481.76,google-play,2014,5.7,12.0,32.0,3200.0
0.5,91.94744846838894,531.9426705160513,484.96,google-play,2014,5.7,12.0,32.0,3200.0
0.42,85.0159766627895,436.5058569691565,454.64,google-play,2014,5.7,12.0,32.0,3200.0
0.38,88.55294007487761,339.50796489369793,412.72,google-play,2014,5.7,12.0,32.0,3200.0
0.31,80.92832108871818,393.921828406177,371.14,google-play,2014,5.7,12.0,32.0,3200.0
0.26,80.9283210887182,317.2425104521421,433.4,google-play,2014,5.7,12.0,32.0,3200.0
0.26,68.04620673053104,487.714687844772,410.61,google-play,2014,5.7,12.0,32.0,3200.0
0.78,7.624618986159399,201.82944104617513,655.85,ios,2013,4.0,8.0,16.0,1440.0
0.0999999999999999,7.624618986159398,5.799696581786634,655.7,ios,2013,4.0,8.0,16.0,1440.0
1.12,7.624618986159398,57.99696581786645,652.55,ios,2013,4.0,8.0,16.0,1440.0
1.26,7.624618986159399,559.8524015936626,651.9,ios,2013,4.0,8.0,16.0,1440.0
0.765,7.624618986159399,512.1909867663061,632.91,ios,2013,4.0,8.0,16.0,1440.0
0.27,7.624618986159399,561.0463566951979,614.48,ios,2013,4.0,8.0,16.0,1440.0
0.71,7.624618986159398,560.5961109828042,596.58,ios,2013,4.0,8.0,16.0,1440.0
0.22,7.624618986159398,497.5646187204321,579.21,ios,2013,4.0,8.0,16.0,1440.0
0.38,29.80532876407765,534.6758116631603,562.34,ios,2013,4.0,8.0,16.0,1440.0
0.26,29.80532876407765,522.2767374295518,545.96,ios,2013,4.0,8.0,16.0,1440.0
0.12,29.80532876407765,459.20745670324953,530.06,ios,2013,4.0,8.0,16.0,1440.0
0.04,29.80532876407765,448.68178806871435,514.62,ios,2013,4.0,8.0,16.0,1440.0
0.05,29.80532876407765,437.33559611639555,499.63,ios,2014,4.0,8.0,16.0,1440.0
0.07,29.80532876407765,425.16195398917927,485.08,ios,2014,4.0,8.0,16.0,1440.0
0.08,29.80532876407765,414.4668866055528,464.28,ios,2014,4.0,8.0,16.0,1440.0
0.03,29.80532876407765,553.7156996021403,464.28,ios,2014,4.0,8.0,16.0,1440.0
0.05,29.80532876407765,445.0422806112644,489.11,ios,2014,4.0,8.0,16.0,1440.0
0.04,29.805328764077643,430.63441781466906,424.8,ios,2014,4.0,8.0,16.0,1440.0
0.03,29.80532876407765,544.3084708176873,413.6,ios,2014,4.0,8.0,16.0,1440.0
0.02,29.80532876407765,453.63350060989137,383.29,ios,2014,4.0,8.0,16.0,1440.0
0.01,55.45177444479563,300.05258677379084,377.32,ios,2014,4.0,8.0,16.0,1440.0
0.01,55.45177444479563,346.8116546751878,378.48,ios,2014,4.0,8.0,16.0,1440.0
0.01,55.45177444479563,267.819384945552,356.45,ios,2014,4.0,8.0,16.0,1440.0
0.01,55.451774444795625,484.07252135653687,332.98,ios,2014,4.0,8.0,16.0,1440.0
0.78,29.112181583517707,222.708348740607,722.66,ios,2013,4.0,8.0,32.0,1570.0
0.59,29.112181583517707,59.156905134223734,701.61,ios,2013,4.0,8.0,32.0,1570.0
0.51,29.112181583517707,5.799696581786634,681.18,ios,2013,4.0,8.0,32.0,1570.0
1.32,29.112181583517707,560.8931006326756,661.34,ios,2013,4.0,8.0,32.0,1570.0
0.83,29.112181583517707,600.8292142770309,642.07,ios,2014,4.0,8.0,32.0,1570.0
0.36,29.112181583517707,532.1604973248499,623.37,ios,2014,4.0,8.0,32.0,1570.0
0.3,29.112181583517707,569.4549427308968,631.94,ios,2014,4.0,8.0,32.0,1570.0
0.25,29.112181583517707,556.1068890727049,631.94,ios,2014,4.0,8.0,32.0,1570.0
0.46,29.112181583517707,490.95639703391686,649.4,ios,2014,4.0,8.0,32.0,1570.0
0.4,29.1121815835177,549.0899828164785,607.6,ios,2014,4.0,8.0,32.0,1570.0
0.33,29.112181583517707,549.0899828164785,666.49,ios,2014,4.0,8.0,32.0,1570.0
0.52,29.112181583517707,510.1469454173596,637.93,ios,2014,4.0,8.0,32.0,1570.0
0.0399999999999999,54.758627264235685,480.0327433655367,610.5,ios,2014,4.0,8.0,32.0,1570.0
0.05,54.758627264235685,520.8250049083971,554.87,ios,2014,4.0,8.0,32.0,1570.0
0.06,54.758627264235685,502.20184030789085,537.04,ios,2014,4.0,8.0,32.0,1570.0
0.06,54.75862726423568,483.20147124488085,525.57,ios,2014,4.0,8.0,32.0,1570.0
1.02,55.45177444479563,216.9086521588203,625.53,ios,2014,4.7,8.0,16.0,1810.0
1.03,55.45177444479563,111.35417437030344,627.29,ios,2014,4.7,8.0,16.0,1810.0
1.12,55.45177444479563,59.156905134223734,603.25,ios,2014,4.7,8.0,16.0,1810.0
1.23,55.451774444795625,544.649867406566,594.96,ios,2014,4.7,8.0,16.0,1810.0
0.15,31.191623125197545,301.586926215708,338.24,google-play,2013,4.8,8.0,16.0,2100.0
0.4500000000000001,31.191623125197538,15.079211112645282,338.24,google-play,2013,4.8,8.0,16.0,2100.0
1.85,35.35050620855721,15.079211112645282,338.24,google-play,2013,4.8,8.0,16.0,2100.0
1.195,35.350506208557206,391.08562937645064,328.39,google-play,2013,4.8,8.0,16.0,2100.0
0.54,35.35050620855721,391.08562937645064,318.82,google-play,2013,4.8,8.0,16.0,2100.0
0.22,48.52030263919617,249.373226128049,309.54,google-play,2013,4.8,8.0,16.0,2100.0
0.2,52.67918572255584,237.91051460557813,300.52,google-play,2013,4.8,8.0,16.0,2100.0
0.27,68.33388880298281,302.4347199883312,291.77,google-play,2013,4.8,8.0,16.0,2100.0
0.13,72.49277188634248,224.85338894616365,283.27,google-play,2013,4.8,8.0,16.0,2100.0
0.07,79.82970880005011,325.29878918345014,275.02,google-play,2013,4.8,8.0,16.0,2100.0
0.02,82.53107001300152,231.10339291675115,267.01,google-play,2013,4.8,8.0,16.0,2100.0
0.11,87.09541820446935,206.65653530834828,259.23,google-play,2014,4.8,8.0,16.0,2100.0
0.02,87.09541820446935,233.42017904751157,251.68,google-play,2014,4.8,8.0,16.0,2100.0
0.23,29.112181583517707,301.586926215708,538.95,ios,2013,4.0,8.0,32.0,1510.0
0.21,29.112181583517707,81.59266148782564,523.26,ios,2013,4.0,8.0,32.0,1510.0
0.51,29.112181583517707,301.586926215708,508.02,ios,2013,4.0,8.0,32.0,1510.0
0.12,29.112181583517707,449.3130317414787,493.22,ios,2013,4.0,8.0,32.0,1510.0
0.5,29.112181583517707,391.4532082428977,478.85,ios,2014,4.0,8.0,32.0,1510.0
1.28,29.112181583517707,433.4908565804385,464.91,ios,2014,4.0,8.0,32.0,1510.0
0.3400000000000001,29.112181583517707,498.4380609253132,461.18,ios,2014,4.0,8.0,32.0,1510.0
0.48,29.112181583517707,413.2852143796364,465.42,ios,2014,4.0,8.0,32.0,1510.0
0.29,29.112181583517707,462.0203467609484,485.95,ios,2014,4.0,8.0,32.0,1510.0
0.28,29.1121815835177,329.8922502190344,467.43,ios,2014,4.0,8.0,32.0,1510.0
0.2,29.112181583517707,462.3736164737496,505.14,ios,2014,4.0,8.0,32.0,1510.0
0.21,29.112181583517707,412.60068903861566,475.71,ios,2014,4.0,8.0,32.0,1510.0
0.06,54.758627264235685,405.3747435557365,497.85,ios,2014,4.0,8.0,32.0,1510.0
0.07,54.758627264235685,489.8870929295556,426.62,ios,2014,4.0,8.0,32.0,1510.0
0.05,54.758627264235685,469.501352443796,423.79,ios,2014,4.0,8.0,32.0,1510.0
0.05,54.75862726423568,426.4462428957571,384.6,ios,2014,4.0,8.0,32.0,1510.0
0.24,67.92842369487464,75.99006759604401,424.49,google-play,2013,5.2,13.0,24.0,3000.0
0.46,72.0873067782343,75.99006759604401,412.13,google-play,2013,5.2,13.0,24.0,3000.0
0.44,79.42424369194194,139.98383268570205,400.13,google-play,2013,5.2,13.0,24.0,3000.0
0.52,82.12560490489335,375.6308191093036,388.47,google-play,2013,5.2,13.0,24.0,3000.0
0.41,86.68995309636118,367.0692237167114,377.16,google-play,2014,5.2,13.0,24.0,3000.0
0.41,86.68995309636118,550.7382904491882,366.17,google-play,2014,5.2,13.0,24.0,3000.0
0.49,83.91736437412136,409.07145098346075,380.78,google-play,2014,5.2,13.0,24.0,3000.0
0.5,89.46254181860098,337.24341049815393,359.99,google-play,2014,5.2,13.0,24.0,3000.0
0.51,85.99680591580123,393.6245596198032,361.01,google-play,2014,5.2,13.0,24.0,3000.0
0.445,96.3940136242004,537.3348219340862,333.65,google-play,2014,5.2,13.0,24.0,3000.0
0.38,92.23513054084071,389.34376192350715,341.8,google-play,2014,5.2,13.0,24.0,3000.0
0.28,85.30365873524127,607.330482064267,336.88,google-play,2014,5.2,13.0,24.0,3000.0
0.19,88.84062214732938,246.19379871283874,324.27,google-play,2014,5.2,13.0,24.0,3000.0
0.12,81.21600316116995,251.83918726054318,294.23,google-play,2014,5.2,13.0,24.0,3000.0
0.22,81.21600316116998,421.46193835062877,301.49,google-play,2014,5.2,13.0,24.0,3000.0
0.06,68.33388880298281,412.7271715301929,305.08,google-play,2014,5.2,13.0,24.0,3000.0
0.67,28.41903440295776,15.079211112645226,817.47,ios,2013,4.0,8.0,64.0,1560.0
0.21,28.41903440295776,10.439453847215987,793.66,ios,2013,4.0,8.0,64.0,1560.0
0.51,28.41903440295776,95.51193328411352,770.54,ios,2013,4.0,8.0,64.0,1560.0
0.55,28.41903440295776,576.6892423247529,748.1,ios,2013,4.0,8.0,64.0,1560.0
0.31,28.41903440295776,690.1420727537065,726.31,ios,2014,4.0,8.0,64.0,1560.0
0.67,28.41903440295776,562.7405309516519,705.16,ios,2014,4.0,8.0,64.0,1560.0
0.3,28.41903440295776,528.6376345266848,723.21,ios,2014,4.0,8.0,64.0,1560.0
0.25,28.41903440295776,546.0223137338335,723.21,ios,2014,4.0,8.0,64.0,1560.0
0.23,28.41903440295776,845.7182696338957,718.27,ios,2014,4.0,8.0,64.0,1560.0
0.22,28.419034402957752,596.4691666074642,677.53,ios,2014,4.0,8.0,64.0,1560.0
0.14,28.41903440295776,858.2212467242105,740.34,ios,2014,4.0,8.0,64.0,1560.0
0.41,28.41903440295776,577.0052514542753,694.59,ios,2014,4.0,8.0,64.0,1560.0
0.0399999999999999,54.06548008367574,498.3138329366841,663.25,ios,2014,4.0,8.0,64.0,1560.0
0.02,54.06548008367574,608.3348728433141,599.72,ios,2014,4.0,8.0,64.0,1560.0
0.04,54.06548008367574,621.1164009495067,590.08,ios,2014,4.0,8.0,64.0,1560.0
0.04,54.06548008367574,647.5337739720139,550.96,ios,2014,4.0,8.0,64.0,1560.0
0.86,54.06548008367574,139.98383268570205,709.49,ios,2014,4.7,8.0,64.0,1810.0
0.69,54.06548008367574,95.51193328411352,711.56,ios,2014,4.7,8.0,64.0,1810.0
1.07,54.06548008367574,139.98383268570205,709.21,ios,2014,4.7,8.0,64.0,1810.0
1.14,54.06548008367574,501.89303921050464,681.86,ios,2014,4.7,8.0,64.0,1810.0
0.73,6.931471805599454,139.98383268570205,719.33,ios,2013,4.0,8.0,32.0,1440.0
0.06,6.931471805599452,79.46988554511597,718.25,ios,2013,4.0,8.0,32.0,1440.0
0.75,6.931471805599452,95.51193328411352,717.8,ios,2013,4.0,8.0,32.0,1440.0
0.78,6.931471805599454,638.2534454489186,717.62,ios,2013,4.0,8.0,32.0,1440.0
0.45,6.931471805599454,637.5053448806339,696.71,ios,2013,4.0,8.0,32.0,1440.0
0.12,6.931471805599454,592.7217369089266,676.42,ios,2013,4.0,8.0,32.0,1440.0
0.25,6.931471805599452,576.5550057418816,656.72,ios,2013,4.0,8.0,32.0,1440.0
0.32,6.931471805599452,562.070947517035,637.59,ios,2013,4.0,8.0,32.0,1440.0
0.12,29.112181583517707,608.5303015738269,619.02,ios,2013,4.0,8.0,32.0,1440.0
0.06,29.112181583517707,550.4124936581554,600.99,ios,2013,4.0,8.0,32.0,1440.0
0.05,29.112181583517707,537.161415999556,583.49,ios,2013,4.0,8.0,32.0,1440.0
0.07,29.112181583517707,705.8400837610845,566.49,ios,2013,4.0,8.0,32.0,1440.0
0.03,29.112181583517707,556.2810183648278,549.99,ios,2014,4.0,8.0,32.0,1440.0
0.05,29.112181583517707,483.6450712751831,533.97,ios,2014,4.0,8.0,32.0,1440.0
0.03,29.112181583517707,532.3833613223981,549.08,ios,2014,4.0,8.0,32.0,1440.0
0.02,29.112181583517707,658.023989104884,549.08,ios,2014,4.0,8.0,32.0,1440.0
0.01,29.112181583517707,509.8572219884904,508.44,ios,2014,4.0,8.0,32.0,1440.0
0.01,29.1121815835177,520.3237030873632,466.46,ios,2014,4.0,8.0,32.0,1440.0
0.01,29.112181583517707,760.8053740924702,479.76,ios,2014,4.0,8.0,32.0,1440.0
0.01,29.112181583517707,367.26833420403557,461.38,ios,2014,4.0,8.0,32.0,1440.0
0.01,54.758627264235685,338.18938804052254,456.74,ios,2014,4.0,8.0,32.0,1440.0
0.01,54.758627264235685,529.9121939755229,433.32,ios,2014,4.0,8.0,32.0,1440.0
0.01,54.758627264235685,517.1806306004545,393.75,ios,2014,4.0,8.0,32.0,1440.0
0.01,54.75862726423568,331.45648292595973,361.95,ios,2014,4.0,8.0,32.0,1440.0
0.54,30.4984759446376,10.43945384721593,390.9,ios,2013,3.5,8.0,8.0,1430.0
0.03,30.4984759446376,98.2287212596409,379.51,ios,2013,3.5,8.0,8.0,1430.0
0.72,30.4984759446376,10.43945384721593,368.46,ios,2013,3.5,8.0,8.0,1430.0
0.56,30.4984759446376,416.9837569714671,357.73,ios,2013,3.5,8.0,8.0,1430.0
0.14,30.4984759446376,291.87963723277386,347.31,ios,2014,3.5,8.0,8.0,1430.0
0.31,30.4984759446376,265.6664310603653,337.19,ios,2014,3.5,8.0,8.0,1430.0
0.25,30.4984759446376,290.71221423531915,332.73,ios,2014,3.5,8.0,8.0,1430.0
0.19,30.4984759446376,621.0421781083819,332.73,ios,2014,3.5,8.0,8.0,1430.0
0.33,30.4984759446376,331.7954162781011,316.5,ios,2014,3.5,8.0,8.0,1430.0
0.34,30.49847594463759,610.9428204365378,301.8,ios,2014,3.5,8.0,8.0,1430.0
0.23,30.4984759446376,312.86109295637704,317.75,ios,2014,3.5,8.0,8.0,1430.0
0.42,30.4984759446376,248.2335105590493,309.53,ios,2014,3.5,8.0,8.0,1430.0
0.0299999999999999,56.14492162535558,307.2812689525478,303.34,ios,2014,3.5,8.0,8.0,1430.0
0.02,56.14492162535558,370.155346728718,290.19,ios,2014,3.5,8.0,8.0,1430.0
0.04,56.14492162535558,411.996305328195,290.31,ios,2014,3.5,8.0,8.0,1430.0
0.04,56.14492162535557,360.1737456278074,262.33,ios,2014,3.5,8.0,8.0,1430.0
0.01,29.80532876407765,98.2287212596409,587.61,google-play,2013,4.7,4.0,64.0,2300.0
0.07,29.805328764077647,150.05446193938337,587.61,google-play,2013,4.7,4.0,64.0,2300.0
0.13,33.964211847437326,10.439453847215987,587.61,google-play,2013,4.7,4.0,64.0,2300.0
1.7399999999999998,33.96421184743731,557.0835128003146,570.49,google-play,2013,4.7,4.0,64.0,2300.0
0.1499999999999999,33.964211847437326,489.4128270715795,553.88,google-play,2013,4.7,4.0,64.0,2300.0
0.05,47.13400827807628,505.2577721205721,537.74,google-play,2013,4.7,4.0,64.0,2300.0
0.27,51.29289136143595,545.2247334215784,522.08,google-play,2013,4.7,4.0,64.0,2300.0
0.13,66.94759444186292,533.7192237556435,506.88,google-play,2013,4.7,4.0,64.0,2300.0
0.13,71.10647752522259,470.7135356943121,492.11,google-play,2013,4.7,4.0,64.0,2300.0
0.08,78.44341443893022,444.02113240519054,477.78,google-play,2013,4.7,4.0,64.0,2300.0
0.12,81.14477565188163,433.49230959229396,463.86,google-play,2013,4.7,4.0,64.0,2300.0
0.1,85.70912384334946,423.26134163528855,450.35,google-play,2014,4.7,4.0,64.0,2300.0
0.17,85.70912384334946,481.0058411200231,437.24,google-play,2014,4.7,4.0,64.0,2300.0
0.18,82.93653512110964,419.5379153379438,423.75,google-play,2014,4.7,4.0,64.0,2300.0
0.2,88.48171256558926,394.334786328278,401.47,google-play,2014,4.7,4.0,64.0,2300.0
0.17,85.01597666278951,401.0986217011473,377.06,google-play,2014,4.7,4.0,64.0,2300.0
0.07,95.41318437118868,594.7663486409067,369.18,google-play,2014,4.7,4.0,64.0,2300.0
0.05,91.254301287829,428.14699448501415,369.23,google-play,2014,4.7,4.0,64.0,2300.0
0.07,84.32282948222955,343.5678505416208,384.25,google-play,2014,4.7,4.0,64.0,2300.0
0.01,87.85979289431766,405.78017286472266,340.73,google-play,2014,4.7,4.0,64.0,2300.0
0.01,80.23517390815823,557.001123656754,317.59,google-play,2014,4.7,4.0,64.0,2300.0
0.01,80.23517390815826,416.2189465351405,319.33,google-play,2014,4.7,4.0,64.0,2300.0
0.5,88.55294007487761,150.05446193938337,650.65,google-play,2014,5.7,16.0,32.0,3220.0
1.06,80.92832108871818,146.21291239506775,625.76,google-play,2014,5.7,16.0,32.0,3220.0
0.98,80.9283210887182,385.5942888524372,600.07,google-play,2014,5.7,16.0,32.0,3220.0
1.06,68.04620673053104,465.77516921864225,571.53,google-play,2014,5.7,16.0,32.0,3220.0
0.24,68.33388880298281,15.079211112645282,453.56,google-play,2013,4.7,10.0,16.0,2200.0
0.3,72.49277188634248,198.99987455790136,440.35,google-play,2013,4.7,10.0,16.0,2200.0
0.44,79.82970880005011,198.99987455790136,427.53,google-play,2013,4.7,10.0,16.0,2200.0
0.22,82.53107001300152,329.253742363788,415.08,google-play,2013,4.7,10.0,16.0,2200.0
0.22,87.09541820446935,315.46360685109784,402.99,google-play,2014,4.7,10.0,16.0,2200.0
0.17,87.09541820446935,394.3848918578652,391.25,google-play,2014,4.7,10.0,16.0,2200.0
0.18,84.32282948222954,297.95943892465726,367.78,google-play,2014,4.7,10.0,16.0,2200.0
0.32,89.86800692670916,425.9069340380188,353.5,google-play,2014,4.7,10.0,16.0,2200.0
0.36,86.4022710239094,300.01176748431374,347.93,google-play,2014,4.7,10.0,16.0,2200.0
0.37,96.7994787323086,265.1954047766305,342.35,google-play,2014,4.7,10.0,16.0,2200.0
0.31,92.64059564894887,287.78215367620385,323.94,google-play,2014,4.7,10.0,16.0,2200.0
0.28,85.70912384334945,626.6004284110625,301.69,google-play,2014,4.7,10.0,16.0,2200.0
0.06,89.24608725543756,335.381922962962,282.63,google-play,2014,4.7,10.0,16.0,2200.0
0.04,81.62146826927813,609.9828981951816,284.72,google-play,2014,4.7,10.0,16.0,2200.0
0.01,81.62146826927815,292.29392646481256,282.36,google-play,2014,4.7,10.0,16.0,2200.0
0.03,68.73935391109099,224.7722455147857,280.0,google-play,2014,4.7,10.0,16.0,2200.0
0.39,55.45177444479563,98.24096967380797,712.57,ios,2014,5.5,8.0,16.0,2915.0
0.5,55.45177444479563,154.22968813694797,711.21,ios,2014,5.5,8.0,16.0,2915.0
0.85,55.45177444479563,198.99987455790136,690.93,ios,2014,5.5,8.0,16.0,2915.0
0.68,55.451774444795625,647.8167454912711,679.37,ios,2014,5.5,8.0,16.0,2915.0
0.26,9.704060527839236,98.24096967380797,410.27,google-play,2013,4.8,8.0,64.0,2100.0
0.12,29.80532876407765,154.22968813694803,398.98,google-play,2013,4.8,8.0,64.0,2100.0
0.09,29.805328764077647,10.43945384721593,398.98,google-play,2013,4.8,8.0,64.0,2100.0
0.22,33.964211847437326,438.41785494267674,387.69,google-play,2013,4.8,8.0,64.0,2100.0
0.2,33.96421184743731,359.68531932446433,376.4,google-play,2013,4.8,8.0,64.0,2100.0
0.21,33.964211847437326,374.60871479811544,365.43,google-play,2013,4.8,8.0,64.0,2100.0
0.2,47.13400827807628,422.7770115798343,354.79,google-play,2013,4.8,8.0,64.0,2100.0
0.1,51.29289136143595,414.9565898984131,344.46,google-play,2013,4.8,8.0,64.0,2100.0
0.18,66.94759444186292,351.36910918149175,334.42,google-play,2013,4.8,8.0,64.0,2100.0
0.13,71.10647752522259,329.07553773881307,324.68,google-play,2013,4.8,8.0,64.0,2100.0
0.28,78.44341443893022,321.9200943403116,315.23,google-play,2013,4.8,8.0,64.0,2100.0
0.09,81.14477565188163,314.9655297981089,306.04,google-play,2013,4.8,8.0,64.0,2100.0
0.11,85.70912384334946,379.1308849061098,297.13,google-play,2014,4.8,8.0,64.0,2100.0
0.12,85.70912384334946,316.59628647047805,288.48,google-play,2014,4.8,8.0,64.0,2100.0
0.15,82.93653512110964,295.3071093092928,264.3,google-play,2014,4.8,8.0,64.0,2100.0
0.08,88.48171256558926,304.05867509459466,264.3,google-play,2014,4.8,8.0,64.0,2100.0
0.01,85.01597666278951,510.8032855015764,263.04,google-play,2014,4.8,8.0,64.0,2100.0
0.01,95.41318437118868,337.30652165330093,253.88,google-play,2014,4.8,8.0,64.0,2100.0
0.81,53.3723329031158,83.31757420015686,780.24,ios,2014,4.7,8.0,128.0,1810.0
0.75,53.3723329031158,154.22968813694808,807.67,ios,2014,4.7,8.0,128.0,1810.0
0.41,53.3723329031158,310.9773114841814,799.04,ios,2014,4.7,8.0,128.0,1810.0
0.4,53.37233290311579,633.2115284643982,790.59,ios,2014,4.7,8.0,128.0,1810.0
0.02,53.37233290311579,154.22968813694803,328.49,google-play,2013,5.8,8.0,8.0,2600.0
0.08,69.02703598354275,154.22968813694803,318.93,google-play,2013,5.8,8.0,8.0,2600.0
0.07,73.18591906690241,146.76151921109843,309.64,google-play,2013,5.8,8.0,8.0,2600.0
0.3,80.52285598061005,636.9047397182283,300.62,google-play,2013,5.8,8.0,8.0,2600.0
0.2,83.22421719356146,235.99746504140208,291.86,google-play,2013,5.8,8.0,8.0,2600.0
0.2,87.78856538502929,229.56241478273043,283.36,google-play,2014,5.8,8.0,8.0,2600.0
0.44,87.78856538502929,420.7628234904666,275.11,google-play,2014,5.8,8.0,8.0,2600.0
0.46,85.01597666278947,414.69489665882355,260.53,google-play,2014,5.8,8.0,8.0,2600.0
0.1,90.56115410726908,211.35863428780138,257.09,google-play,2014,5.8,8.0,8.0,2600.0
0.11,87.09541820446934,201.00421990353016,255.61,google-play,2014,5.8,8.0,8.0,2600.0
0.19,97.49262591286852,286.6315545455769,254.13,google-play,2014,5.8,8.0,8.0,2600.0
0.18,93.33374282950882,188.5220233845567,252.65,google-play,2014,5.8,8.0,8.0,2600.0
0.07,86.40227102390938,334.45817439562813,220.33,google-play,2014,5.8,8.0,8.0,2600.0
0.06,89.93923443599749,205.03070274060462,212.41,google-play,2014,5.8,8.0,8.0,2600.0
0.04,82.31461544983806,185.44649882605273,214.72,google-play,2014,5.8,8.0,8.0,2600.0
0.04,82.31461544983809,195.53719749242518,196.89,google-play,2014,5.8,8.0,8.0,2600.0
0.03,69.43250109165092,556.4977823418444,274.14,google-play,2014,5.8,8.0,8.0,2600.0
0.28,6.238324625039509,106.1661461611069,477.53,ios,2013,4.0,8.0,64.0,1440.0
0.11,6.238324625039507,409.3644103887286,582.41,ios,2013,4.0,8.0,64.0,1440.0
0.21,6.238324625039507,90.27991406110345,598.45,ios,2013,4.0,8.0,64.0,1440.0
0.12,6.238324625039509,359.7766906617292,782.72,ios,2013,4.0,8.0,64.0,1440.0
0.37,6.238324625039509,509.59323132288927,759.92,ios,2013,4.0,8.0,64.0,1440.0
0.12,6.238324625039509,579.4067126092054,737.79,ios,2013,4.0,8.0,64.0,1440.0
0.23,6.238324625039507,754.7066049442453,716.3,ios,2013,4.0,8.0,64.0,1440.0
0.1,6.238324625039507,691.2546744248903,695.43,ios,2013,4.0,8.0,64.0,1440.0
0.07,28.41903440295776,617.2227371563017,675.18,ios,2013,4.0,8.0,64.0,1440.0
0.06,28.41903440295776,661.0397236947225,655.51,ios,2013,4.0,8.0,64.0,1440.0
0.05,28.41903440295776,492.15387810857527,636.42,ios,2013,4.0,8.0,64.0,1440.0
0.07,28.41903440295776,632.5564872429918,617.88,ios,2013,4.0,8.0,64.0,1440.0
0.03,28.41903440295776,666.5900556002603,599.89,ios,2014,4.0,8.0,64.0,1440.0
0.05,28.41903440295776,531.1189544942374,582.41,ios,2014,4.0,8.0,64.0,1440.0
0.03,28.41903440295776,534.1627935053525,598.45,ios,2014,4.0,8.0,64.0,1440.0
0.06,28.41903440295776,580.4041800335851,598.45,ios,2014,4.0,8.0,64.0,1440.0
0.01,28.41903440295776,568.296033798754,578.55,ios,2014,4.0,8.0,64.0,1440.0
0.01,28.419034402957752,520.7039101333407,521.69,ios,2014,4.0,8.0,64.0,1440.0
0.01,28.41903440295776,504.8176780333373,502.0,ios,2014,4.0,8.0,64.0,1440.0
0.01,28.41903440295776,491.0332323769792,517.68,ios,2014,4.0,8.0,64.0,1440.0
0.01,54.06548008367574,451.6471228282096,513.55,ios,2014,4.0,8.0,64.0,1440.0
0.01,54.06548008367574,512.5971757471084,488.43,ios,2014,4.0,8.0,64.0,1440.0
0.01,54.06548008367574,464.7556852256001,459.17,ios,2014,4.0,8.0,64.0,1440.0
0.01,54.06548008367574,446.0086611376189,437.75,ios,2014,4.0,8.0,64.0,1440.0
0.23,54.06548008367574,106.1661461611069,798.59,ios,2014,5.5,8.0,64.0,2915.0
0.3,54.06548008367574,329.93324988871126,816.85,ios,2014,5.5,8.0,64.0,2915.0
0.7,54.06548008367574,164.8689486369717,807.5,ios,2014,5.5,8.0,64.0,2915.0
0.73,54.06548008367574,643.4517963078846,777.73,ios,2014,5.5,8.0,64.0,2915.0
0.43,92.64059564894887,164.86894863697165,526.96,google-play,2014,5.5,13.0,16.0,3000.0
0.39,85.70912384334945,222.39396869433244,479.3,google-play,2014,5.5,13.0,16.0,3000.0
0.41,89.24608725543756,329.93324988871126,421.46,google-play,2014,5.5,13.0,16.0,3000.0
0.39,81.62146826927813,465.38043438004763,437.19,google-play,2014,5.5,13.0,16.0,3000.0
0.57,81.62146826927815,496.87321009890104,404.14,google-play,2014,5.5,13.0,16.0,3000.0
0.52,68.73935391109099,456.8082685529841,384.17,google-play,2014,5.5,13.0,16.0,3000.0
0.49,48.52030263919617,157.40077971112203,351.38,google-play,2013,4.0,8.0,16.0,1800.0
0.26,52.67918572255584,409.3644103887286,341.15,google-play,2013,4.0,8.0,16.0,1800.0
0.08,68.33388880298281,15.079211112645282,331.21,google-play,2013,4.0,8.0,16.0,1800.0
0.08,72.49277188634248,258.4751163755135,321.57,google-play,2013,4.0,8.0,16.0,1800.0
0.04,79.82970880005011,448.8373753724861,312.2,google-play,2013,4.0,8.0,16.0,1800.0
0.05,82.53107001300152,441.9520794014209,303.11,google-play,2013,4.0,8.0,16.0,1800.0
0.07,87.09541820446935,237.82615531943148,294.28,google-play,2014,4.0,8.0,16.0,1800.0
0.08,87.09541820446935,226.69593293842053,285.71,google-play,2014,4.0,8.0,16.0,1800.0
0.11,84.32282948222954,316.1261121359148,285.71,google-play,2014,4.0,8.0,16.0,1800.0
0.22,89.86800692670916,214.28300499058454,285.71,google-play,2014,4.0,8.0,16.0,1800.0
0.22,86.4022710239094,355.3080143080088,285.71,google-play,2014,4.0,8.0,16.0,1800.0
0.11,96.7994787323086,226.90571750582,285.71,google-play,2014,4.0,8.0,16.0,1800.0
0.1,92.64059564894887,208.34668844410274,285.71,google-play,2014,4.0,8.0,16.0,1800.0
0.23,53.3723329031158,42.917754705221114,889.78,ios,2014,5.5,8.0,128.0,2915.0
0.3,53.3723329031158,409.3644103887286,877.11,ios,2014,5.5,8.0,128.0,2915.0
0.41,53.3723329031158,106.1661461611069,868.05,ios,2014,5.5,8.0,128.0,2915.0
0.4,53.37233290311579,1025.7023026557754,866.57,ios,2014,5.5,8.0,128.0,2915.0
0.09,73.87906624746236,90.27991406110348,111.36,google-play,2013,4.5,5.0,4.0,1800.0
0.14,81.21600316117,28.998482908933212,108.12,google-play,2013,4.5,5.0,4.0,1800.0
0.19,83.9173643741214,106.16614616110691,104.97,google-play,2013,4.5,5.0,4.0,1800.0
0.18,88.48171256558923,242.00642945566653,101.91,google-play,2014,4.5,5.0,4.0,1800.0
0.2,88.48171256558923,287.4208240508225,98.94,google-play,2014,4.5,5.0,4.0,1800.0
0.25,85.70912384334942,237.58016775998172,98.94,google-play,2014,4.5,5.0,4.0,1800.0
0.35,91.25430128782904,176.75774700731017,98.94,google-play,2014,4.5,5.0,4.0,1800.0
0.13,87.78856538502929,233.40327292039183,115.38,google-play,2014,4.5,5.0,4.0,1800.0
0.13,98.18577309342848,78.97377813063613,115.38,google-play,2014,4.5,5.0,4.0,1800.0
0.14,94.02689001006875,233.40327292039183,115.38,google-play,2014,4.5,5.0,4.0,1800.0
0.22,87.09541820446933,292.44972231540333,83.0,google-play,2014,4.5,5.0,4.0,1800.0
0.05,90.63238161655744,170.20199143952493,80.58,google-play,2014,4.5,5.0,4.0,1800.0
0.04,83.007762630398,186.08822353952837,78.24,google-play,2014,4.5,5.0,4.0,1800.0
0.05,83.00776263039803,222.36186268107792,100.0,google-play,2014,4.5,5.0,4.0,1800.0
0.07,30.4984759446376,164.86894863697165,453.55,google-play,2013,4.7,13.0,32.0,2100.0
0.14,30.498475944637597,106.1661461611069,446.95,google-play,2013,4.7,13.0,32.0,2100.0
0.08,34.657359027997266,90.27991406110351,446.95,google-play,2013,4.7,13.0,32.0,2100.0
0.14,34.65735902799726,404.44751845513247,446.95,google-play,2013,4.7,13.0,32.0,2100.0
0.2,34.657359027997266,399.87579276005886,433.93,google-play,2013,4.7,13.0,32.0,2100.0
0.13,47.82715545863622,474.46482733592705,421.29,google-play,2013,4.7,13.0,32.0,2100.0
0.12,51.986038541995896,415.7620248600623,409.02,google-play,2013,4.7,13.0,32.0,2100.0
0.12,67.64074162242287,390.8570247979593,397.11,google-play,2013,4.7,13.0,32.0,2100.0
0.25,71.79962470578253,397.98770950618564,385.54,google-play,2013,4.7,13.0,32.0,2100.0
0.11,79.13656161949017,613.2555595552215,374.31,google-play,2013,4.7,13.0,32.0,2100.0
0.09,81.83792283244158,439.94137148100833,363.41,google-play,2013,4.7,13.0,32.0,2100.0
0.0099999999999999,86.4022710239094,357.33796322453406,352.82,google-play,2014,4.7,13.0,32.0,2100.0
0.01,86.4022710239094,424.14813726166346,342.55,google-play,2014,4.7,13.0,32.0,2100.0
0.03,83.62968230166959,474.1228830650392,271.98,google-play,2014,4.7,13.0,32.0,2100.0
0.02,89.17485974614921,574.3266225759592,247.7,google-play,2014,4.7,13.0,32.0,2100.0
0.03,85.70912384334946,337.6422623454255,253.73,google-play,2014,4.7,13.0,32.0,2100.0
0.04,96.10633155174864,353.2656084166828,253.6,google-play,2014,4.7,13.0,32.0,2100.0
0.09,73.87906624746236,164.86894863697165,74.38,google-play,2013,4.0,5.0,4.0,1400.0
0.14,81.21600316117,157.40077971112203,72.21,google-play,2013,4.0,5.0,4.0,1400.0
0.18,83.9173643741214,404.7246531232993,70.11,google-play,2013,4.0,5.0,4.0,1400.0
0.18,88.48171256558923,66.60117432470099,68.07,google-play,2014,4.0,5.0,4.0,1400.0
0.19,88.48171256558923,65.09804633101773,66.08,google-play,2014,4.0,5.0,4.0,1400.0
0.2,85.70912384334942,259.93190084511,53.75,google-play,2014,4.0,5.0,4.0,1400.0
0.2,91.25430128782904,258.5188219939055,58.185,google-play,2014,4.0,5.0,4.0,1400.0
0.2,87.78856538502929,60.85188292029036,62.62,google-play,2014,4.0,5.0,4.0,1400.0
0.21,98.18577309342848,47.67131083361008,53.75,google-play,2014,4.0,5.0,4.0,1400.0
0.21,94.02689001006875,50.7433719635572,58.37,google-play,2014,4.0,5.0,4.0,1400.0
0.12,87.09541820446933,200.37984961459773,54.58,google-play,2014,4.0,5.0,4.0,1400.0
0.04,90.63238161655744,66.23033989532735,59.32,google-play,2014,4.0,5.0,4.0,1400.0
0.03,83.007762630398,50.87151882016153,39.64,google-play,2014,4.0,5.0,4.0,1400.0
0.03,83.00776263039803,80.7245408320563,38.0,google-play,2014,4.0,5.0,4.0,1400.0
0.13,89.86800692670916,404.7246531232993,556.84,google-play,2014,5.0,4.0,16.0,2600.0
0.6,86.4022710239094,106.1661461611069,546.42,google-play,2014,5.0,4.0,16.0,2600.0
0.28,96.7994787323086,404.7246531232993,521.13,google-play,2014,5.0,4.0,16.0,2600.0
0.21,92.64059564894887,474.83508626667555,506.25,google-play,2014,5.0,4.0,16.0,2600.0
0.4,85.70912384334945,407.4958093183374,491.54,google-play,2014,5.0,4.0,16.0,2600.0
0.25,89.24608725543756,467.1454509298431,480.3,google-play,2014,5.0,4.0,16.0,2600.0
0.28,81.62146826927813,510.9013327550219,477.72,google-play,2014,5.0,4.0,16.0,2600.0
0.11,81.62146826927815,551.8504401897812,467.88,google-play,2014,5.0,4.0,16.0,2600.0
0.03,68.73935391109099,492.92613854484654,468.63,google-play,2014,5.0,4.0,16.0,2600.0
0.13,84.32282948222954,106.1661461611069,494.25,google-play,2014,5.1,16.0,16.0,2800.0
0.13,89.86800692670916,106.1661461611069,494.25,google-play,2014,5.1,16.0,16.0,2800.0
0.16,86.4022710239094,160.22919137154236,472.21,google-play,2014,5.1,16.0,16.0,2800.0
0.16,96.7994787323086,352.79936669419817,461.49,google-play,2014,5.1,16.0,16.0,2800.0
0.16,92.64059564894887,502.5891042185246,458.52,google-play,2014,5.1,16.0,16.0,2800.0
0.21,85.70912384334945,538.4608253889069,451.5,google-play,2014,5.1,16.0,16.0,2800.0
0.09,89.24608725543756,408.78750368709075,442.75,google-play,2014,5.1,16.0,16.0,2800.0
0.08,81.62146826927813,423.7763985406684,412.59,google-play,2014,5.1,16.0,16.0,2800.0
0.08,81.62146826927815,472.976790057253,399.3,google-play,2014,5.1,16.0,16.0,2800.0
0.08,68.73935391109099,466.91579008272373,399.3,google-play,2014,5.1,16.0,16.0,2800.0
0.2,48.52030263919617,89.11997474474612,464.63,google-play,2013,5.0,8.0,16.0,2600.0
0.11,52.67918572255584,89.11997474474612,451.1,google-play,2013,5.0,8.0,16.0,2600.0
0.08,68.33388880298281,89.11997474474612,437.96,google-play,2013,5.0,8.0,16.0,2600.0
0.08,72.49277188634248,482.0717534476038,425.2,google-play,2013,5.0,8.0,16.0,2600.0
0.08,79.82970880005011,418.6366705622676,412.82,google-play,2013,5.0,8.0,16.0,2600.0
0.05,82.53107001300152,392.4886088984423,400.79,google-play,2013,5.0,8.0,16.0,2600.0
0.07,87.09541820446935,400.696110637661,389.12,google-play,2014,5.0,8.0,16.0,2600.0
0.07,87.09541820446935,605.4483114112297,377.79,google-play,2014,5.0,8.0,16.0,2600.0
0.13,84.32282948222954,437.8506976334382,368.71,google-play,2014,5.0,8.0,16.0,2600.0
0.06,89.86800692670916,358.65783875489836,337.68,google-play,2014,5.0,8.0,16.0,2600.0
0.05,86.4022710239094,421.9189262718184,372.17,google-play,2014,5.0,8.0,16.0,2600.0
0.08,96.7994787323086,471.0288801643839,357.3,google-play,2014,5.0,8.0,16.0,2600.0
0.05,92.64059564894887,553.3999070585292,375.78,google-play,2014,5.0,8.0,16.0,2600.0
0.05,85.70912384334945,358.14736470217923,346.16,google-play,2014,5.0,8.0,16.0,2600.0
0.04,89.24608725543756,407.72579604574923,309.09,google-play,2014,5.0,8.0,16.0,2600.0
0.01,81.62146826927813,420.5266279919551,314.32,google-play,2014,5.0,8.0,16.0,2600.0
0.01,81.62146826927815,396.7839562178013,291.5,google-play,2014,5.0,8.0,16.0,2600.0
0.01,68.73935391109099,628.1063941829868,322.02,google-play,2014,5.0,8.0,16.0,2600.0
0.2,56.14492162535558,15.079211112645282,347.84,ios,2014,4.0,8.0,8.0,1510.0
0.3,56.14492162535558,15.079211112645282,329.78,ios,2014,4.0,8.0,8.0,1510.0
0.25,56.14492162535558,106.1661461611069,328.92,ios,2014,4.0,8.0,8.0,1510.0
0.29,56.14492162535557,454.63138209794073,314.91,ios,2014,4.0,8.0,8.0,1510.0
0.05,49.90659700031606,213.68758425333922,201.51,google-play,2013,4.0,5.0,4.0,2460.0
0.13,54.06548008367574,15.079211112645282,195.64,google-play,2013,4.0,5.0,4.0,2460.0
0.13,69.72018316410269,10.439453847215958,189.94,google-play,2013,4.0,5.0,4.0,2460.0
0.28,73.87906624746236,150.02255154634673,184.41,google-play,2013,4.0,5.0,4.0,2460.0
0.18,81.21600316117,293.31472162729557,179.04,google-play,2013,4.0,5.0,4.0,2460.0
0.16,83.9173643741214,160.56720692745785,173.82,google-play,2013,4.0,5.0,4.0,2460.0
0.08,88.48171256558923,138.1776258818381,168.76,google-play,2014,4.0,5.0,4.0,2460.0
0.1,88.48171256558923,166.93620446976072,163.84,google-play,2014,4.0,5.0,4.0,2460.0
0.13,85.70912384334942,534.4067980053212,163.84,google-play,2014,4.0,5.0,4.0,2460.0
0.06,91.25430128782904,223.06378681271383,149.62,google-play,2014,4.0,5.0,4.0,2460.0
0.04,87.78856538502929,527.4937946058009,140.45,google-play,2014,4.0,5.0,4.0,2460.0
0.03,98.18577309342848,204.92948032910385,131.28,google-play,2014,4.0,5.0,4.0,2460.0
0.02,94.02689001006875,132.63811904482696,122.11,google-play,2014,4.0,5.0,4.0,2460.0
0.02,87.09541820446933,203.45385432369397,115.33,google-play,2014,4.0,5.0,4.0,2460.0
0.01,90.63238161655744,260.4444860916813,108.55,google-play,2014,4.0,5.0,4.0,2460.0
0.1,29.112181583517707,213.6875842533392,659.64,ios,2013,4.0,8.0,32.0,1570.0
0.1,29.112181583517707,169.50870590240095,640.42,ios,2013,4.0,8.0,32.0,1570.0
0.17,29.112181583517707,106.1661461611069,621.77,ios,2013,4.0,8.0,32.0,1570.0
0.09,29.112181583517707,563.0893488123631,603.66,ios,2013,4.0,8.0,32.0,1570.0
0.08,29.112181583517707,549.7759294397399,586.08,ios,2014,4.0,8.0,32.0,1570.0
0.09,29.112181583517707,600.1999006638944,569.01,ios,2014,4.0,8.0,32.0,1570.0
0.07,29.112181583517707,428.5861103757122,546.48,ios,2014,4.0,8.0,32.0,1570.0
0.06,29.112181583517707,575.4779476249288,551.88,ios,2014,4.0,8.0,32.0,1570.0
0.08,29.112181583517707,607.8326808826996,568.71,ios,2014,4.0,8.0,32.0,1570.0
0.07,29.1121815835177,469.97874092954754,549.25,ios,2014,4.0,8.0,32.0,1570.0
0.07,29.112181583517707,488.4455365546174,562.64,ios,2014,4.0,8.0,32.0,1570.0
0.06,29.112181583517707,563.4459968183489,527.72,ios,2014,4.0,8.0,32.0,1570.0
0.03,54.758627264235685,549.9663328749957,484.88,ios,2014,4.0,8.0,32.0,1570.0
0.03,54.758627264235685,481.17254202536384,495.96,ios,2014,4.0,8.0,32.0,1570.0
0.03,54.758627264235685,456.98395698415675,476.16,ios,2014,4.0,8.0,32.0,1570.0
0.03,54.75862726423568,427.3093011088614,441.84,ios,2014,4.0,8.0,32.0,1570.0
0.23,12.476649250079015,169.50870590240095,268.82,google-play,2013,4.0,5.0,4.0,2100.0
0.21,32.57791748631744,106.1661461611069,271.25,google-play,2013,4.0,5.0,4.0,2100.0
0.16,32.57791748631743,91.43985337746079,364.54,google-play,2013,4.0,5.0,4.0,2100.0
0.0199999999999999,36.73680056967711,292.37391909287373,364.54,google-play,2013,4.0,5.0,4.0,2100.0
0.04,36.7368005696771,528.2637029463348,353.92,google-play,2013,4.0,5.0,4.0,2100.0
0.06,36.73680056967711,422.02035512696125,343.61,google-play,2013,4.0,5.0,4.0,2100.0
0.06,49.90659700031606,343.9515026020211,333.6,google-play,2013,4.0,5.0,4.0,2100.0
0.03,54.06548008367574,414.6640328721611,323.89,google-play,2013,4.0,5.0,4.0,2100.0
0.05,69.72018316410269,467.1729431507604,314.45,google-play,2013,4.0,5.0,4.0,2100.0
0.04,73.87906624746236,571.4526570505519,305.29,google-play,2013,4.0,5.0,4.0,2100.0
0.05,81.21600316117,324.7289953853392,296.4,google-play,2013,4.0,5.0,4.0,2100.0
0.02,83.9173643741214,387.32372784419874,287.77,google-play,2013,4.0,5.0,4.0,2100.0
0.02,88.48171256558923,380.9787267280059,279.39,google-play,2014,4.0,5.0,4.0,2100.0
0.0166666666666666,88.48171256558923,363.1097339054178,271.25,google-play,2014,4.0,5.0,4.0,2100.0
0.0133333333333333,85.70912384334942,510.1037356606746,263.11,google-play,2014,4.0,5.0,4.0,2100.0
0.01,91.25430128782904,208.60867201364348,254.97,google-play,2014,4.0,5.0,4.0,2100.0
0.03,86.4022710239094,15.079211112645226,557.62,google-play,2014,6.0,13.0,32.0,3500.0
0.17,86.4022710239094,72.52790598674437,541.38,google-play,2014,6.0,13.0,32.0,3500.0
0.23,83.62968230166959,149.89092185368617,492.25,google-play,2014,6.0,13.0,32.0,3500.0
0.1,89.17485974614921,536.1463282304878,447.69,google-play,2014,6.0,13.0,32.0,3500.0
0.1,85.70912384334946,390.08540153672067,441.51,google-play,2014,6.0,13.0,32.0,3500.0
0.115,96.10633155174864,351.41399527144864,391.17,google-play,2014,6.0,13.0,32.0,3500.0
0.13,91.94744846838894,320.54791997258866,435.14,google-play,2014,6.0,13.0,32.0,3500.0
0.03,85.0159766627895,413.4720178674124,381.24,google-play,2014,6.0,13.0,32.0,3500.0
0.09,88.55294007487761,299.95635262740376,396.55,google-play,2014,6.0,13.0,32.0,3500.0
0.09,80.92832108871818,311.8547142948353,337.41,google-play,2014,6.0,13.0,32.0,3500.0
0.1,80.9283210887182,306.9972553097401,342.23,google-play,2014,6.0,13.0,32.0,3500.0
0.07,68.04620673053104,585.4540873440226,340.27,google-play,2014,6.0,13.0,32.0,3500.0
0.24,31.88477030575749,72.52790598674437,394.15,google-play,2013,4.0,5.0,8.0,1800.0
0.22,31.884770305757485,310.76956849835574,390.25,google-play,2013,4.0,5.0,8.0,1800.0
0.06,36.04365338911716,78.68052089753019,390.25,google-play,2013,4.0,5.0,8.0,1800.0
0.08,36.04365338911715,302.02055604730054,378.89,google-play,2013,4.0,5.0,8.0,1800.0
0.1,36.04365338911716,342.84850485075015,367.85,google-play,2013,4.0,5.0,8.0,1800.0
0.06,49.213449819756114,438.6693654500494,357.14,google-play,2013,4.0,5.0,8.0,1800.0
0.03,53.37233290311579,412.3426110364744,346.42,google-play,2013,4.0,5.0,8.0,1800.0
0.03,69.02703598354275,423.15320551525446,335.71,google-play,2013,4.0,5.0,8.0,1800.0
0.02,73.18591906690241,319.9136809471313,324.99,google-play,2013,4.0,5.0,8.0,1800.0
0.02,80.52285598061005,312.48809012119375,314.28,google-play,2013,4.0,5.0,8.0,1800.0
0.02,83.22421719356146,305.06942615236994,297.48,google-play,2013,4.0,5.0,8.0,1800.0
0.02,87.78856538502929,393.4646959257316,118.81,google-play,2014,4.0,5.0,8.0,1800.0
0.0166666666666666,87.78856538502929,228.13671921808003,115.71,google-play,2014,4.0,5.0,8.0,1800.0
0.0133333333333333,85.01597666278947,355.9510672734541,112.61,google-play,2014,4.0,5.0,8.0,1800.0
0.01,90.56115410726908,160.97851026596715,109.51,google-play,2014,4.0,5.0,8.0,1800.0
0.01,87.09541820446934,152.67856964991955,106.41,google-play,2014,4.0,5.0,8.0,1800.0
0.01,97.49262591286852,246.352104543957,103.31,google-play,2014,4.0,5.0,8.0,1800.0
0.01,93.33374282950882,244.20477883869523,100.3,google-play,2014,4.0,5.0,8.0,1800.0
0.01,86.40227102390938,152.38920744491992,97.3,google-play,2014,4.0,5.0,8.0,1800.0
0.01,89.93923443599749,150.24188173965814,94.54,google-play,2014,4.0,5.0,8.0,1800.0
0.16,68.33388880298281,78.68052089753019,289.81,google-play,2013,4.3,8.0,16.0,2100.0
0.21,72.49277188634248,168.34876658604367,281.37,google-play,2013,4.3,8.0,16.0,2100.0
0.13,79.82970880005011,72.5279059867444,273.17,google-play,2013,4.3,8.0,16.0,2100.0
0.14,82.53107001300152,279.4277669110536,265.22,google-play,2013,4.3,8.0,16.0,2100.0
0.13,87.09541820446935,267.42888459626465,257.49,google-play,2014,4.3,8.0,16.0,2100.0
0.14,87.09541820446935,357.5697223622908,249.99,google-play,2014,4.3,8.0,16.0,2100.0
0.1,84.32282948222954,262.3946252683479,249.99,google-play,2014,4.3,8.0,16.0,2100.0
0.14,89.86800692670916,408.4481936386337,249.99,google-play,2014,4.3,8.0,16.0,2100.0
0.08,86.4022710239094,242.4745746348873,249.99,google-play,2014,4.3,8.0,16.0,2100.0
0.08,96.7994787323086,341.51326757262353,249.99,google-play,2014,4.3,8.0,16.0,2100.0
0.08,92.64059564894887,280.8088504249156,249.99,google-play,2014,4.3,8.0,16.0,2100.0
0.05,85.70912384334945,251.84502188411005,242.815,google-play,2014,4.3,8.0,16.0,2100.0
0.02,89.24608725543756,489.73376606672207,235.64,google-play,2014,4.3,8.0,16.0,2100.0
0.02,81.62146826927813,188.24371209922515,228.78,google-play,2014,4.3,8.0,16.0,2100.0
0.01,81.62146826927815,183.27369212011112,222.12,google-play,2014,4.3,8.0,16.0,2100.0
0.1,96.7994787323086,78.32760256853106,507.68,google-play,2014,5.1,16.0,16.0,2800.0
0.06,92.64059564894887,152.21080048640084,480.0,google-play,2014,5.1,16.0,16.0,2800.0
0.09,85.70912384334945,152.21080048640084,471.42,google-play,2014,5.1,16.0,16.0,2800.0
0.06,89.24608725543756,366.74189306339076,457.69,google-play,2014,5.1,16.0,16.0,2800.0
0.11,81.62146826927813,342.9285953071076,480.0,google-play,2014,5.1,16.0,16.0,2800.0
0.14,81.62146826927815,336.9853519035121,456.69,google-play,2014,5.1,16.0,16.0,2800.0
0.4,68.73935391109099,427.59897126859386,444.74,google-play,2014,5.1,16.0,16.0,2800.0
0.24,86.40227102390938,28.998482908933227,269.64,google-play,2014,5.7,8.0,8.0,3200.0
0.23,89.93923443599749,10.43945384721593,290.38,google-play,2014,5.7,8.0,8.0,3200.0
0.24,82.31461544983806,42.917754705221114,290.38,google-play,2014,5.7,8.0,8.0,3200.0
0.24,82.31461544983809,503.34504029523634,290.38,google-play,2014,5.7,8.0,8.0,3200.0
0.2,69.43250109165092,279.46967943753805,290.38,google-play,2014,5.7,8.0,8.0,3200.0
0.06,49.90659700031606,316.5692650801422,283.81,google-play,2013,4.0,5.0,4.0,2500.0
0.08,54.06548008367574,94.91967132653278,275.54,google-play,2013,4.0,5.0,4.0,2500.0
0.17,69.72018316410269,28.998482908933227,267.52,google-play,2013,4.0,5.0,4.0,2500.0
0.11,73.87906624746236,274.91873431380577,259.72,google-play,2013,4.0,5.0,4.0,2500.0
0.19,81.21600316117,392.8496276726115,252.16,google-play,2013,4.0,5.0,4.0,2500.0
0.12,83.9173643741214,337.5180819933805,244.81,google-play,2013,4.0,5.0,4.0,2500.0
0.03,88.48171256558923,381.89133971866255,237.68,google-play,2014,4.0,5.0,4.0,2500.0
0.1,88.48171256558923,252.99523154879415,230.76,google-play,2014,4.0,5.0,4.0,2500.0
0.1,85.70912384334942,247.9039915701896,230.76,google-play,2014,4.0,5.0,4.0,2500.0
0.0099999999999999,91.25430128782904,242.96514244808742,200.12,google-play,2014,4.0,5.0,4.0,2500.0
0.055,87.78856538502929,361.83116151724903,200.12,google-play,2014,4.0,5.0,4.0,2500.0
0.1,98.18577309342848,170.28360860405888,200.12,google-play,2014,4.0,5.0,4.0,2500.0
0.22,32.57791748631744,152.21080048640084,237.76,google-play,2013,4.0,3.2,4.0,2100.0
0.23,32.57791748631743,94.91967132653278,230.83,google-play,2013,4.0,3.2,4.0,2100.0
0.03,36.73680056967711,78.32760256853106,224.11,google-play,2013,4.0,3.2,4.0,2100.0
0.05,36.7368005696771,243.0205573049974,230.83,google-play,2013,4.0,3.2,4.0,2100.0
0.07,36.73680056967711,361.8796495170453,218.32,google-play,2013,4.0,3.2,4.0,2100.0
0.07,49.90659700031606,357.22480153660683,217.58,google-play,2013,4.0,3.2,4.0,2100.0
0.01,54.06548008367574,312.10344324304003,211.25,google-play,2013,4.0,3.2,4.0,2100.0
0.02,69.72018316410269,246.14681583387352,205.09,google-play,2013,4.0,3.2,4.0,2100.0
0.02,73.87906624746236,245.6342284074562,199.12,google-play,2013,4.0,3.2,4.0,2100.0
0.02,81.21600316117,241.24952785445387,193.32,google-play,2013,4.0,3.2,4.0,2100.0
0.01,83.9173643741214,344.04991930625863,187.69,google-play,2013,4.0,3.2,4.0,2100.0
0.02,88.48171256558923,216.25518141747614,182.22,google-play,2014,4.0,3.2,4.0,2100.0
0.03,88.48171256558923,228.82967304950415,176.92,google-play,2014,4.0,3.2,4.0,2100.0
0.02,85.70912384334942,208.33778373646248,171.62,google-play,2014,4.0,3.2,4.0,2100.0
0.01,91.25430128782904,328.2081970871175,166.31,google-play,2014,4.0,3.2,4.0,2100.0
0.01,87.78856538502929,217.46962738295787,161.01,google-play,2014,4.0,3.2,4.0,2100.0
0.01,98.18577309342848,391.8704613728382,115.93,google-play,2014,4.0,3.2,4.0,2100.0
0.14,90.63238161655744,75.86168469564285,72.0,google-play,2014,4.0,5.0,4.0,1400.0
0.16,83.007762630398,201.98700676040613,72.0,google-play,2014,4.0,5.0,4.0,1400.0
0.25,83.00776263039803,110.56364802947336,62.82,google-play,2014,4.0,5.0,4.0,1400.0
0.31,70.12564827221087,144.79304254551653,67.45,google-play,2014,4.0,5.0,4.0,1400.0
0.14,90.63238161655744,316.5692650801422,105.0,google-play,2014,5.0,5.0,4.0,2000.0
0.16,83.007762630398,284.09096422213713,105.0,google-play,2014,5.0,5.0,4.0,2000.0
0.25,83.00776263039803,15.079211112645268,114.58,google-play,2014,5.0,5.0,4.0,2000.0
0.32,70.12564827221087,87.81121080699658,101.04,google-play,2014,5.0,5.0,4.0,2000.0
0.2,96.10633155174864,64.40833077224312,464.28,google-play,2014,4.7,13.0,32.0,2400.0
0.18,91.94744846838894,131.33189279196893,464.28,google-play,2014,4.7,13.0,32.0,2400.0
0.18,85.0159766627895,131.33189279196893,464.28,google-play,2014,4.7,13.0,32.0,2400.0
0.24,88.55294007487761,336.6793331897255,346.15,google-play,2014,4.7,13.0,32.0,2400.0
0.25,80.92832108871818,332.0395759242962,346.15,google-play,2014,4.7,13.0,32.0,2400.0
0.09,80.9283210887182,332.0395759242962,319.67,google-play,2014,4.7,13.0,32.0,2400.0
0.07,68.04620673053104,332.9096325272135,238.13,google-play,2014,4.7,13.0,32.0,2400.0
0.13,91.94744846838894,28.998482908933227,529.47,google-play,2014,5.5,13.0,32.0,3000.0
0.23,85.0159766627895,10.43945384721593,445.1,google-play,2014,5.5,13.0,32.0,3000.0
0.14,88.55294007487761,42.917754705221114,429.91,google-play,2014,5.5,13.0,32.0,3000.0
0.15,80.92832108871818,650.847267823739,429.71,google-play,2014,5.5,13.0,32.0,3000.0
0.19,80.9283210887182,372.7227409051552,372.99,google-play,2014,5.5,13.0,32.0,3000.0
0.15,68.04620673053104,381.11279234008884,367.77,google-play,2014,5.5,13.0,32.0,3000.0
0.09,11.090354888959126,28.998482908933227,477.54,google-play,2013,4.5,8.0,16.0,1700.0
0.11,31.191623125197545,64.40833077224306,641.77,google-play,2013,4.5,8.0,16.0,1700.0
0.11,31.191623125197538,64.40833077224306,641.77,google-play,2013,4.5,8.0,16.0,1700.0
0.11,35.35050620855721,518.8528695740281,641.77,google-play,2013,4.5,8.0,16.0,1700.0
0.09,35.350506208557206,632.6126439531072,623.08,google-play,2013,4.5,8.0,16.0,1700.0
0.07,35.35050620855721,508.95323976123206,604.93,google-play,2013,4.5,8.0,16.0,1700.0
0.09,48.52030263919617,508.95323976123206,587.31,google-play,2013,4.5,8.0,16.0,1700.0
0.03,52.67918572255584,496.0069438156376,570.2,google-play,2013,4.5,8.0,16.0,1700.0
0.02,68.33388880298281,607.0941023460605,553.6,google-play,2013,4.5,8.0,16.0,1700.0
0.01,72.49277188634248,417.26069899473464,537.47,google-play,2013,4.5,8.0,16.0,1700.0
0.01,79.82970880005011,526.3012854178653,521.82,google-play,2013,4.5,8.0,16.0,1700.0
0.01,82.53107001300152,466.7910879800346,506.62,google-play,2013,4.5,8.0,16.0,1700.0
0.01,87.09541820446935,436.70612006484316,491.86,google-play,2014,4.5,8.0,16.0,1700.0
0.01,87.09541820446935,425.86558868182794,477.54,google-play,2014,4.5,8.0,16.0,1700.0
0.08,11.783502069519072,131.33189279196893,249.99,google-play,2013,4.3,8.0,8.0,2000.0
0.07,31.88477030575749,131.33189279196893,230.76,google-play,2013,4.3,8.0,8.0,2000.0
0.1,31.884770305757485,83.32027816295951,230.76,google-play,2013,4.3,8.0,8.0,2000.0
0.05,36.04365338911716,256.48477914953935,310.12,google-play,2013,4.3,8.0,8.0,2000.0
0.01,36.04365338911715,243.16443291980244,301.09,google-play,2013,4.3,8.0,8.0,2000.0
0.04,36.04365338911716,347.9118897209612,292.32,google-play,2013,4.3,8.0,8.0,2000.0
0.03,49.213449819756114,279.22402358378815,283.81,google-play,2013,4.3,8.0,8.0,2000.0
0.035,53.37233290311579,291.88101900079033,275.54,google-play,2013,4.3,8.0,8.0,2000.0
0.04,69.02703598354275,266.89421792131714,267.52,google-play,2013,4.3,8.0,8.0,2000.0
0.03,73.18591906690241,384.658866709393,259.72,google-play,2013,4.3,8.0,8.0,2000.0
0.03,80.52285598061005,274.18289907516487,252.16,google-play,2013,4.3,8.0,8.0,2000.0
0.03,83.22421719356146,442.054462739071,244.81,google-play,2013,4.3,8.0,8.0,2000.0
0.02,87.78856538502929,242.29902851130896,237.68,google-play,2014,4.3,8.0,8.0,2000.0
0.03,87.78856538502929,362.73536394438133,230.76,google-play,2014,4.3,8.0,8.0,2000.0
0.03,85.01597666278947,262.7128625364939,230.76,google-play,2014,4.3,8.0,8.0,2000.0
0.02,90.56115410726908,247.9578180425159,230.76,google-play,2014,4.3,8.0,8.0,2000.0
0.03,87.09541820446934,443.9351189789801,217.51,google-play,2014,4.3,8.0,8.0,2000.0
0.01,97.49262591286852,443.9351189789801,211.18,google-play,2014,4.3,8.0,8.0,2000.0
0.02,93.33374282950882,174.9233658694882,205.03,google-play,2014,4.3,8.0,8.0,2000.0
0.02,86.40227102390938,165.74528019377246,205.03,google-play,2014,4.3,8.0,8.0,2000.0
0.02,89.93923443599749,210.68969930036798,205.03,google-play,2014,4.3,8.0,8.0,2000.0
0.02,82.31461544983806,275.6731228278536,204.13,google-play,2014,4.3,8.0,8.0,2000.0
0.01,82.31461544983809,157.10056251581528,203.23,google-play,2014,4.3,8.0,8.0,2000.0
0.01,69.43250109165092,152.46080525038596,202.33,google-play,2014,4.3,8.0,8.0,2000.0
0.1,80.52285598061005,10.43945384721593,314.94,google-play,2013,4.3,16.0,8.0,2330.0
0.06,83.22421719356146,95.05673886193469,305.77,google-play,2013,4.3,16.0,8.0,2330.0
0.06,87.78856538502929,28.998482908933227,296.86,google-play,2014,4.3,16.0,8.0,2330.0
0.14,87.78856538502929,228.5938917875874,288.21,google-play,2014,4.3,16.0,8.0,2330.0
0.14,85.01597666278947,254.72026467228588,289.03,google-play,2014,4.3,16.0,8.0,2330.0
0.06,90.56115410726908,489.7216445008527,273.21,google-play,2014,4.3,16.0,8.0,2330.0
0.08,87.09541820446934,264.0472796475668,256.43,google-play,2014,4.3,16.0,8.0,2330.0
0.06,97.49262591286852,276.5675934234666,266.05,google-play,2014,4.3,16.0,8.0,2330.0
0.06,93.33374282950882,218.24714611363532,271.19,google-play,2014,4.3,16.0,8.0,2330.0
0.03,86.40227102390938,242.03372774007653,244.13,google-play,2014,4.3,16.0,8.0,2330.0
0.02,89.93923443599749,353.7977394136597,254.1,google-play,2014,4.3,16.0,8.0,2330.0
0.02,82.31461544983806,357.35814397012604,249.51,google-play,2014,4.3,16.0,8.0,2330.0
0.01,82.31461544983809,233.51369349016676,232.31,google-play,2014,4.3,16.0,8.0,2330.0
0.01,69.43250109165092,240.4197700325733,217.32,google-play,2014,4.3,16.0,8.0,2330.0
0.07,31.88477030575749,64.40833077224312,274.99,google-play,2013,4.0,5.0,8.0,1850.0
0.07,31.884770305757485,169.50870590240098,380.33,google-play,2013,4.0,5.0,8.0,1850.0
0.02,36.04365338911716,10.43945384721593,369.57,google-play,2013,4.0,5.0,8.0,1850.0
0.035,36.04365338911715,324.1334151956328,358.8,google-play,2013,4.0,5.0,8.0,1850.0
0.05,36.04365338911716,339.8097988719835,348.35,google-play,2013,4.0,5.0,8.0,1850.0
0.06,49.213449819756114,320.4041891250185,338.21,google-play,2013,4.0,5.0,8.0,1850.0
0.03,53.37233290311579,312.9439640135122,328.36,google-play,2013,4.0,5.0,8.0,1850.0
0.06,69.02703598354275,317.6577098222182,318.79,google-play,2013,4.0,5.0,8.0,1850.0
0.05,73.18591906690241,367.925005868746,309.51,google-play,2013,4.0,5.0,8.0,1850.0
0.06,80.52285598061005,361.1020516117045,300.49,google-play,2013,4.0,5.0,8.0,1850.0
0.04,83.22421719356146,297.18192019397986,291.74,google-play,2013,4.0,5.0,8.0,1850.0
0.04,87.78856538502929,290.75379679242195,283.24,google-play,2014,4.0,5.0,8.0,1850.0
0.04,87.78856538502929,284.5057716758215,274.99,google-play,2014,4.0,5.0,8.0,1850.0
0.04,85.01597666278947,371.59283533887765,274.99,google-play,2014,4.0,5.0,8.0,1850.0
0.02,90.56115410726908,272.55694315460664,274.99,google-play,2014,4.0,5.0,8.0,1850.0
0.01,87.09541820446934,254.88997454319235,274.99,google-play,2014,4.0,5.0,8.0,1850.0
0.02,97.49262591286852,359.99034967335024,274.99,google-play,2014,4.0,5.0,8.0,1850.0
0.02,93.33374282950882,266.8422860357648,274.99,google-play,2014,4.0,5.0,8.0,1850.0
0.01,86.40227102390938,422.49316287759416,257.68,google-play,2014,4.0,5.0,8.0,1850.0
0.01,89.93923443599749,252.3750630136359,239.28,google-play,2014,4.0,5.0,8.0,1850.0
0.03,69.72018316410269,169.50870590240098,237.34,google-play,2013,4.5,5.0,4.0,2460.0
0.19,73.87906624746236,95.05673886193469,230.43,google-play,2013,4.5,5.0,4.0,2460.0
0.14,81.21600316117,76.36064226481554,223.72,google-play,2013,4.5,5.0,4.0,2460.0
0.13,83.9173643741214,448.4929909598261,217.2,google-play,2013,4.5,5.0,4.0,2460.0
0.08,88.48171256558923,444.37744411438496,210.87,google-play,2014,4.5,5.0,4.0,2460.0
0.09,88.48171256558923,201.36522000305763,204.73,google-play,2014,4.5,5.0,4.0,2460.0
0.08,85.70912384334942,196.8489091648941,198.53,google-play,2014,4.5,5.0,4.0,2460.0
0.02,91.25430128782904,211.62265763203203,191.75,google-play,2014,4.5,5.0,4.0,2460.0
0.03,87.78856538502929,275.2146789592582,156.54,google-play,2014,4.5,5.0,4.0,2460.0
0.05,98.18577309342848,183.9164669335271,303.21,google-play,2014,4.5,5.0,4.0,2460.0
0.02,94.02689001006875,161.8209680650462,220.57,google-play,2014,4.5,5.0,4.0,2460.0
0.03,87.09541820446933,154.8305939129003,199.24,google-play,2014,4.5,5.0,4.0,2460.0
0.02,90.63238161655744,239.02771745487854,173.39,google-play,2014,4.5,5.0,4.0,2460.0
0.02,83.007762630398,247.89053539945837,82.11,google-play,2014,4.5,5.0,4.0,2460.0
0.02,83.00776263039803,189.04803105403252,80.71,google-play,2014,4.5,5.0,4.0,2460.0
0.01,70.12564827221087,171.14210541499457,213.46,google-play,2014,4.5,5.0,4.0,2460.0
0.07,31.191623125197545,28.99848290893317,342.24,google-play,2013,4.8,8.0,16.0,1200.0
0.12,31.191623125197538,103.23459915580213,342.24,google-play,2013,4.8,8.0,16.0,1200.0
0.03,35.35050620855721,284.76187564229565,263.69,google-play,2013,4.8,8.0,16.0,1200.0
0.055,35.350506208557206,370.46589113040346,256.01,google-play,2013,4.8,8.0,16.0,1200.0
0.08,35.35050620855721,302.62077953533617,248.55,google-play,2013,4.8,8.0,16.0,1200.0
0.08,48.52030263919617,229.05186788670738,241.31,google-play,2013,4.8,8.0,16.0,1200.0
0.04,52.67918572255584,289.84858265571677,234.28,google-play,2013,4.8,8.0,16.0,1200.0
0.05,68.33388880298281,253.39357441929388,227.46,google-play,2013,4.8,8.0,16.0,1200.0
0.04,72.49277188634248,218.18931893156926,220.83,google-play,2013,4.8,8.0,16.0,1200.0
0.03,79.82970880005011,213.3197383806046,214.4,google-play,2013,4.8,8.0,16.0,1200.0
0.02,82.53107001300152,223.11431358373954,208.16,google-play,2013,4.8,8.0,16.0,1200.0
0.02,87.09541820446935,265.47989932955215,202.09,google-play,2014,4.8,8.0,16.0,1200.0
0.02,87.09541820446935,328.9245073362332,196.03,google-play,2014,4.8,8.0,16.0,1200.0
0.03,84.32282948222954,324.6021484972546,189.97,google-play,2014,4.8,8.0,16.0,1200.0
0.02,89.86800692670916,205.54087708616152,183.91,google-play,2014,4.8,8.0,16.0,1200.0
0.015,86.4022710239094,201.34320167523038,177.84,google-play,2014,4.8,8.0,16.0,1200.0
0.01,96.7994787323086,197.14552626429924,177.84,google-play,2014,4.8,8.0,16.0,1200.0
0.01,92.64059564894887,230.6264283347369,177.84,google-play,2014,4.8,8.0,16.0,1200.0
0.16,80.52285598061005,180.41269081748158,303.6,google-play,2013,4.3,8.0,8.0,1900.0
0.1,83.22421719356146,28.99848290893317,294.76,google-play,2013,4.3,8.0,8.0,1900.0
0.05,87.78856538502929,133.40113326950066,286.17,google-play,2014,4.3,8.0,8.0,1900.0
0.05,87.78856538502929,291.52592283047517,277.84,google-play,2014,4.3,8.0,8.0,1900.0
0.04,85.01597666278947,269.73206195926184,267.87,google-play,2014,4.3,8.0,8.0,1900.0
0.08,90.56115410726908,263.78189169855256,261.71,google-play,2014,4.3,8.0,8.0,1900.0
0.04,87.09541820446934,273.682338905461,261.98,google-play,2014,4.3,8.0,8.0,1900.0
0.06,97.49262591286852,365.96241232344244,234.18,google-play,2014,4.3,8.0,8.0,1900.0
0.09,93.33374282950882,361.6954683413738,244.37,google-play,2014,4.3,8.0,8.0,1900.0
0.05,86.40227102390938,314.8709359354641,252.22,google-play,2014,4.3,8.0,8.0,1900.0
0.06,89.93923443599749,295.61427315924533,227.53,google-play,2014,4.3,8.0,8.0,1900.0
0.01,48.52030263919617,81.22654085709365,395.31,google-play,2013,4.3,10.0,16.0,2000.0
0.03,52.67918572255584,81.22654085709365,383.79,google-play,2013,4.3,10.0,16.0,2000.0
0.05,68.33388880298281,81.22654085709365,372.62,google-play,2013,4.3,10.0,16.0,2000.0
0.05,72.49277188634248,454.23827938104364,361.76,google-play,2013,4.3,10.0,16.0,2000.0
0.05,79.82970880005011,347.07239002561835,351.23,google-play,2013,4.3,10.0,16.0,2000.0
0.05,82.53107001300152,323.6645714469018,341.0,google-play,2013,4.3,10.0,16.0,2000.0
0.05,87.09541820446935,331.812523804032,331.06,google-play,2014,4.3,10.0,16.0,2000.0
0.08,87.09541820446935,489.39476364171725,321.42,google-play,2014,4.3,10.0,16.0,2000.0
0.08,84.32282948222954,301.76184925323145,287.95,google-play,2014,4.3,10.0,16.0,2000.0
0.04,89.86800692670916,324.4253796492572,287.16,google-play,2014,4.3,10.0,16.0,2000.0
0.06,86.4022710239094,303.86958220717366,265.0,google-play,2014,4.3,10.0,16.0,2000.0
0.05,96.7994787323086,484.22072623266195,285.99,google-play,2014,4.3,10.0,16.0,2000.0
0.05,92.64059564894887,433.7961139173108,286.76,google-play,2014,4.3,10.0,16.0,2000.0
0.02,85.70912384334945,229.95928616860834,271.59,google-play,2014,4.3,10.0,16.0,2000.0
0.03,89.24608725543756,244.49875925036486,283.82,google-play,2014,4.3,10.0,16.0,2000.0
0.02,81.62146826927813,256.07100105376236,284.46,google-play,2014,4.3,10.0,16.0,2000.0
0.02,81.62146826927815,297.16891997827173,275.8,google-play,2014,4.3,10.0,16.0,2000.0
0.06,68.73935391109099,242.99563125668158,274.42,google-play,2014,4.3,10.0,16.0,2000.0
0.14,50.599744180876,28.998482908933198,175.01,google-play,2013,3.5,3.2,2.0,1500.0
0.11,54.75862726423568,46.397572654293114,169.91,google-play,2013,3.5,3.2,2.0,1500.0
0.08,70.41333034466264,28.998482908933198,164.96,google-play,2013,3.5,3.2,2.0,1500.0
0.1,74.57221342802231,199.8393517716599,160.16,google-play,2013,3.5,3.2,2.0,1500.0
0.06,81.90915034172994,168.73155913941036,155.5,google-play,2013,3.5,3.2,2.0,1500.0
0.07,84.61051155468135,165.30276486810524,150.97,google-play,2013,3.5,3.2,2.0,1500.0
0.06,89.17485974614918,139.93902644271705,146.57,google-play,2014,3.5,3.2,2.0,1500.0
0.06,89.17485974614918,210.94722727457957,142.3,google-play,2014,3.5,3.2,2.0,1500.0
0.06,86.40227102390936,339.4592468851803,142.3,google-play,2014,3.5,3.2,2.0,1500.0
0.04,91.94744846838898,210.56935234219748,107.68,google-play,2014,3.5,3.2,2.0,1500.0
0.1,32.57791748631744,57.43644645993207,125.7,google-play,2013,3.5,3.2,4.0,1500.0
0.1,32.57791748631743,46.397572654293114,122.04,google-play,2013,3.5,3.2,4.0,1500.0
0.0833333333333333,36.73680056967711,112.51411368666075,118.49,google-play,2013,3.5,3.2,4.0,1500.0
0.0666666666666666,36.7368005696771,167.13719546054546,115.04,google-play,2013,3.5,3.2,4.0,1500.0
0.05,36.73680056967711,135.57269413589992,111.69,google-play,2013,3.5,3.2,4.0,1500.0
0.1,49.90659700031606,133.11365986051948,108.43,google-play,2013,3.5,3.2,4.0,1500.0
0.06,54.06548008367574,137.12301069648612,105.27,google-play,2013,3.5,3.2,4.0,1500.0
0.03,69.72018316410269,189.8801807901093,102.21,google-play,2013,3.5,3.2,4.0,1500.0
0.02,73.87906624746236,252.04078455277642,99.23,google-play,2013,3.5,3.2,4.0,1500.0
0.03,81.21600316117,249.85189770483208,99.23,google-play,2013,3.5,3.2,4.0,1500.0
0.02,83.9173643741214,128.23585301954776,105.27,google-play,2013,3.5,3.2,4.0,1500.0
0.02,88.48171256558923,126.17164959965093,102.21,google-play,2014,3.5,3.2,4.0,1500.0
0.02,88.48171256558923,126.17164959965093,99.23,google-play,2014,3.5,3.2,4.0,1500.0
0.02,85.70912384334942,176.15362399222465,99.23,google-play,2014,3.5,3.2,4.0,1500.0
0.01,91.25430128782904,99.79788946854889,99.62,google-play,2014,3.5,3.2,4.0,1500.0
0.01,87.78856538502929,177.77761076571562,105.87,google-play,2014,3.5,3.2,4.0,1500.0
0.01,98.18577309342848,126.17164959965093,109.62,google-play,2014,3.5,3.2,4.0,1500.0
0.01,94.02689001006875,126.4417970270871,102.12,google-play,2014,3.5,3.2,4.0,1500.0
0.01,87.09541820446933,153.4012378039837,107.12,google-play,2014,3.5,3.2,4.0,1500.0
0.05,53.37233290311579,176.9328728684096,298.5,google-play,2013,4.0,5.0,8.0,2460.0
0.08,69.02703598354275,176.9328728684096,289.81,google-play,2013,4.0,5.0,8.0,2460.0
0.06,73.18591906690241,109.04240762599676,281.37,google-play,2013,4.0,5.0,8.0,2460.0
0.12,80.52285598061005,315.8090924713669,273.17,google-play,2013,4.0,5.0,8.0,2460.0
0.05,83.22421719356146,280.8138475542597,265.22,google-play,2013,4.0,5.0,8.0,2460.0
0.07,87.78856538502929,274.9675801502566,257.49,google-play,2014,4.0,5.0,8.0,2460.0
0.07,87.78856538502929,366.15382864465676,249.99,google-play,2014,4.0,5.0,8.0,2460.0
0.07,85.01597666278947,241.15055083074975,249.99,google-play,2014,4.0,5.0,8.0,2460.0
0.06,90.56115410726908,258.426245362627,249.99,google-play,2014,4.0,5.0,8.0,2460.0
0.03,87.09541820446934,412.0997077827754,249.99,google-play,2014,4.0,5.0,8.0,2460.0
0.025,97.49262591286852,230.60094744651195,249.99,google-play,2014,4.0,5.0,8.0,2460.0
0.02,93.33374282950882,251.7769264105405,249.99,google-play,2014,4.0,5.0,8.0,2460.0
0.03,86.40227102390938,253.23110252731618,249.99,google-play,2014,4.0,5.0,8.0,2460.0
0.02,89.93923443599749,408.04898602551043,249.99,google-play,2014,4.0,5.0,8.0,2460.0
0.02,82.31461544983806,408.04898602551043,249.99,google-play,2014,4.0,5.0,8.0,2460.0
0.02,82.31461544983809,219.562073640873,249.99,google-play,2014,4.0,5.0,8.0,2460.0
0.01,69.43250109165092,219.562073640873,249.99,google-play,2014,4.0,5.0,8.0,2460.0
0.1,69.72018316410269,57.43644645993207,115.04,google-play,2013,4.0,5.0,4.0,1750.0
0.17,73.87906624746236,109.04240762599677,111.69,google-play,2013,4.0,5.0,4.0,1750.0
0.22,81.21600316117,46.397572654293114,108.43,google-play,2013,4.0,5.0,4.0,1750.0
0.12,83.9173643741214,108.68504714548725,105.27,google-play,2013,4.0,5.0,4.0,1750.0
0.12,88.48171256558923,123.76363975774167,102.21,google-play,2014,4.0,5.0,4.0,1750.0
0.11,88.48171256558923,104.1063945933,99.23,google-play,2014,4.0,5.0,4.0,1750.0
0.11,85.70912384334942,151.5314502603831,99.23,google-play,2014,4.0,5.0,4.0,1750.0
0.03,91.25430128782904,121.83673647933814,99.23,google-play,2014,4.0,5.0,4.0,1750.0
0.16,88.76939463804102,51.037329919722424,520.93,google-play,2014,5.7,12.8,3.0,3200.0
0.09,88.76939463804102,28.99848290893317,505.76,google-play,2014,5.7,12.8,3.0,3200.0
0.09,85.9968059158012,103.23459915580213,463.17,google-play,2014,5.7,12.8,3.0,3200.0
0.1,91.54198336028082,595.7252526653917,476.58,google-play,2014,5.7,12.8,3.0,3200.0
0.04,88.07624745748107,459.3751330109027,498.74,google-play,2014,5.7,12.8,3.0,3200.0
0.06,98.47345516588024,378.26768739738634,466.22,google-play,2014,5.7,12.8,3.0,3200.0
0.06,94.31457208252056,376.5177289812831,459.65,google-play,2014,5.7,12.8,3.0,3200.0
0.055,87.38310027692111,457.9841853777158,436.33,google-play,2014,5.7,12.8,3.0,3200.0
0.05,90.92006368900924,403.01053389788365,424.58,google-play,2014,5.7,12.8,3.0,3200.0
0.02,83.29544470284979,369.4303171531375,431.11,google-play,2014,5.7,12.8,3.0,3200.0
0.01,83.29544470284982,353.2768863638778,382.88,google-play,2014,5.7,12.8,3.0,3200.0
0.01,70.41333034466265,351.5369457954338,344.73,google-play,2014,5.7,12.8,3.0,3200.0
0.1,70.41333034466264,112.51411368666075,76.32,google-play,2013,4.0,3.0,2.0,1750.0
0.17,74.57221342802231,176.9328728684096,74.1,google-play,2013,4.0,3.0,2.0,1750.0
0.22,81.90915034172994,176.9328728684096,71.94,google-play,2013,4.0,3.0,2.0,1750.0
0.12,84.61051155468135,110.30221995205486,69.84,google-play,2013,4.0,3.0,2.0,1750.0
0.12,89.17485974614918,108.76445767280285,67.81,google-play,2014,4.0,3.0,2.0,1750.0
0.11,89.17485974614918,107.26825653623334,65.83,google-play,2014,4.0,3.0,2.0,1750.0
0.11,86.40227102390936,151.6117692382164,65.83,google-play,2014,4.0,3.0,2.0,1750.0
0.04,91.94744846838898,75.96950099725665,65.83,google-play,2014,4.0,3.0,2.0,1750.0
0.08,82.60229752228989,109.04240762599676,389.71,google-play,2013,5.0,8.0,14.9,2300.0
0.05,87.16664571375772,57.436446459932085,378.36,google-play,2014,5.0,8.0,14.9,2300.0
0.06,87.16664571375772,57.436446459932085,367.34,google-play,2014,5.0,8.0,14.9,2300.0
0.1,84.3940569915179,350.0131501205996,309.94,google-play,2014,5.0,8.0,14.9,2300.0
0.09,89.93923443599752,439.01743862416924,316.41,google-play,2014,5.0,8.0,14.9,2300.0
0.11,86.47349853319777,431.3840420848192,303.43,google-play,2014,5.0,8.0,14.9,2300.0
0.09,96.87070624159696,323.73341700949436,318.86,google-play,2014,5.0,8.0,14.9,2300.0
0.07,92.71182315823724,328.2150935620892,335.05,google-play,2014,5.0,8.0,14.9,2300.0
0.09,85.78035135263781,290.24822694318414,298.33,google-play,2014,5.0,8.0,14.9,2300.0
0.07,49.90659700031606,80.06660154073634,221.85,google-play,2013,4.0,5.0,4.0,2000.0
0.05,54.06548008367574,176.9328728684096,215.38,google-play,2013,4.0,5.0,4.0,2000.0
0.04,69.72018316410269,57.436446459932085,209.11,google-play,2013,4.0,5.0,4.0,2000.0
0.05,73.87906624746236,233.73892660923002,203.02,google-play,2013,4.0,5.0,4.0,2000.0
0.08,81.21600316117,388.1258553120945,197.11,google-play,2013,4.0,5.0,4.0,2000.0
0.09,83.9173643741214,202.28395556551118,191.37,google-play,2013,4.0,5.0,4.0,2000.0
0.08,88.48171256558923,219.24147854726732,185.79,google-play,2014,4.0,5.0,4.0,2000.0
0.09,88.48171256558923,216.60188210981812,180.38,google-play,2014,4.0,5.0,4.0,2000.0
0.09,85.70912384334942,367.44374962472114,180.38,google-play,2014,4.0,5.0,4.0,2000.0
0.065,91.25430128782904,319.4981653708687,155.19,google-play,2014,4.0,5.0,4.0,2000.0
0.04,87.78856538502929,171.34422127207492,130.0,google-play,2014,4.0,5.0,4.0,2000.0
0.02,98.18577309342848,171.34422127207492,130.0,google-play,2014,4.0,5.0,4.0,2000.0
0.02,94.02689001006875,150.6181608690827,130.0,google-play,2014,4.0,5.0,4.0,2000.0
0.02,87.09541820446933,175.6929571247632,130.0,google-play,2014,4.0,5.0,4.0,2000.0
0.04,89.24608725543756,46.39757265429313,405.86,google-play,2014,5.2,13.0,16.0,2300.0
0.17,81.62146826927813,28.99848290893317,386.41,google-play,2014,5.2,13.0,16.0,2300.0
0.21,81.62146826927815,46.39757265429313,376.54,google-play,2014,5.2,13.0,16.0,2300.0
0.35,68.73935391109099,310.13190572749915,303.78,google-play,2014,5.2,13.0,16.0,2300.0
0.13,73.87906624746236,60.39143224369727,164.49,google-play,2013,4.5,5.0,4.0,2070.0
0.22,81.21600316117,51.03732991972245,159.7,google-play,2013,4.5,5.0,4.0,2070.0
0.14,83.9173643741214,51.03732991972245,155.05,google-play,2013,4.5,5.0,4.0,2070.0
0.09,88.48171256558923,142.93835557296984,150.53,google-play,2014,4.5,5.0,4.0,2070.0
0.08,88.48171256558923,213.8565072623536,146.15,google-play,2014,4.5,5.0,4.0,2070.0
0.09,85.70912384334942,193.04473419470133,169.22,google-play,2014,4.5,5.0,4.0,2070.0
0.07,91.25430128782904,147.39024545407625,169.22,google-play,2014,4.5,5.0,4.0,2070.0
0.06,79.42424369194194,46.39757265429313,542.35,google-play,2013,5.9,4.0,24.0,3300.0
0.09,82.12560490489335,112.51411368666072,526.56,google-play,2013,5.9,4.0,24.0,3300.0
0.07,86.68995309636118,63.233439078916035,511.22,google-play,2014,5.9,4.0,24.0,3300.0
0.2,86.68995309636118,426.7154254838314,496.33,google-play,2014,5.9,4.0,24.0,3300.0
0.23,83.91736437412136,415.7779181012236,512.01,google-play,2014,5.9,4.0,24.0,3300.0
0.05,89.46254181860098,397.23505468984365,493.59,google-play,2014,5.9,4.0,24.0,3300.0
0.1,85.99680591580123,456.3148128133025,460.54,google-play,2014,5.9,4.0,24.0,3300.0
0.03,96.3940136242004,397.7822764018297,448.2,google-play,2014,5.9,4.0,24.0,3300.0
0.02,92.23513054084071,385.0230055983063,446.66,google-play,2014,5.9,4.0,24.0,3300.0
0.02,85.30365873524127,362.12974283737003,389.13,google-play,2014,5.9,4.0,24.0,3300.0
0.02,88.84062214732938,413.696334993976,351.7,google-play,2014,5.9,4.0,24.0,3300.0
0.02,81.21600316116995,338.39348275158994,388.7,google-play,2014,5.9,4.0,24.0,3300.0
0.01,81.21600316116998,355.1886055133085,339.77,google-play,2014,5.9,4.0,24.0,3300.0
0.2,87.09541820446934,43.120265320831464,176.92,google-play,2014,4.5,8.0,8.0,2000.0
0.19,97.49262591286852,63.233439078916035,176.92,google-play,2014,4.5,8.0,8.0,2000.0
0.11,93.33374282950882,145.98333592029635,176.92,google-play,2014,4.5,8.0,8.0,2000.0
0.14,86.40227102390938,268.53329197672144,176.92,google-play,2014,4.5,8.0,8.0,2000.0
0.1,89.93923443599749,208.19377070246762,191.66,google-play,2014,4.5,8.0,8.0,2000.0
0.11,82.31461544983806,208.19377070246762,191.66,google-play,2014,4.5,8.0,8.0,2000.0
0.06,82.31461544983809,185.7833951353411,191.66,google-play,2014,4.5,8.0,8.0,2000.0
0.02,69.43250109165092,195.9935825210053,191.66,google-play,2014,4.5,8.0,8.0,2000.0
0.18,95.41318437118868,145.98333592029633,535.71,google-play,2014,4.7,13.0,64.0,2400.0
0.18,91.254301287829,43.120265320831436,535.71,google-play,2014,4.7,13.0,64.0,2400.0
0.18,84.32282948222955,63.233439078916035,535.71,google-play,2014,4.7,13.0,64.0,2400.0
0.07,87.85979289431766,569.799382693069,520.1,google-play,2014,4.7,13.0,64.0,2400.0
0.07,80.23517390815823,414.1989277614119,504.96,google-play,2014,4.7,13.0,64.0,2400.0
0.03,80.23517390815826,434.3121015194965,351.86,google-play,2014,4.7,13.0,64.0,2400.0
0.03,67.35305954997109,551.0699255405696,243.03,google-play,2014,4.7,13.0,64.0,2400.0
